# PDBbind v.2020R1 - 清洗后的索引文件
# 仅包含 RDKit 可读且具有有效 pAffinity 的样本
# PDB_ID   pAffinity
# ======================================
2tpi 4.3098
5tln 6.3665
4tln 3.7212
6rsa 4.3979
1rnt 5.1871
6cha 4.3979
4ts1 4.9355
4tmn 10.1675
2tmn 5.8861
1tlp 7.5528
1tmn 7.3010
5tmn 8.0410
4fab 8.0555
1p01 9.4559
1p05 5.9586
1p10 6.6990
6gch 4.6990
7gch 5.6990
1p04 7.3979
1p06 6.2676
1p03 8.1938
1p02 7.1739
8abp 8.0000
1rbp 6.7212
7abp 6.4559
6abp 6.3565
1fkf 9.3979
9icd 3.9031
4er1 6.6162
5er2 6.5686
4er2 9.3010
2ypi 4.8239
4er4 6.7959
5apr 7.7696
3er5 9.0000
4apr 6.6990
5hvp 7.6990
6cpa 11.5229
2er9 7.3979
2er0 6.3768
4sga 7.3010
2er6 7.2218
3er3 7.0915
5er1 6.0177
9abp 8.0000
1bap 6.8539
5abp 6.6383
8gpb 3.6021
1apb 5.8210
7gpb 5.5229
5est 6.5229
6tim 3.2147
6gpb 4.8539
9hvp 8.3468
4tim 2.1612
4est 5.0223
4phv 9.1739
1rne 8.6990
1ind 10.0458
1igj 10.0000
1fkb 9.6990
1gca 6.6990
1l83 3.3979
1rin 3.1549
1dmb 5.7447
1atr 6.9586
1dbb 9.0000
1pop 9.0000
1gpy 4.6990
1abf 5.4202
1rgl 4.4318
6rnt 2.3665
1rgk 4.3089
3gst 6.7212
1cps 6.6576
7hvp 9.6198
2gst 6.0706
2lpr 8.8861
3lpr 5.9586
1ppm 5.7959
1hos 8.5528
1ppl 8.5528
9lpr 5.6990
8lpr 6.6198
5lpr 6.5686
1bcd 8.6990
1ivp 7.5229
1trd 5.3979
6lpr 7.3010
7lpr 7.1805
1mns 4.1739
1ths 7.5376
1htf 6.8297
2hmb 5.5850
1him 7.6990
1dbj 7.6778
1hte 5.6449
2dbl 8.6990
1htg 8.4202
1thr 5.3768
1acj 8.0862
1dbk 8.0969
1hsl 7.1938
2drc 9.8861
1sre 3.8539
1sri 6.0809
1abt 5.8539
1lst 7.8539
1tkc 4.8539
1ctr 6.0000
1hgi 2.6778
1hgj 1.6576
1dhj 6.5513
1tys 5.4855
1sps 8.5229
1pyg 5.5229
1adl 5.3565
1mfd 5.3098
1hge 2.2676
2cgr 7.2757
1dhi 7.2596
1srg 5.3010
1erb 8.0969
1mfa 5.0410
1tni 4.0000
2ctc 3.8861
1add 6.7447
1tmb 6.7447
1elc 6.6576
1wht 3.6990
1cil 9.4318
2sim 3.4202
1thl 6.4202
1tnh 3.3665
1ela 6.3565
1cbx 6.3468
1inc 9.3372
1ppc 6.1612
1hps 9.2218
1fig 6.2218
1tet 6.0809
1azm 6.0969
1rpa 6.0000
1tng 2.9318
1pph 5.9208
1ett 5.8861
1cim 8.8182
1csi 8.7959
1cin 8.7258
1fki 7.0000
1rpf 3.9872
1gbt 2.0000
1apw 8.0000
1fkg 8.0000
1tkb 8.0000
1nnb 5.0000
1tnj 1.9586
1ent 6.9586
1hvl 9.9508
1epo 7.9586
1hvk 10.9586
1hvi 10.9208
1tnl 1.8761
1bra 1.8239
1hgt 6.8239
1eed 4.7905
1heg 7.7447
1sbg 7.7447
1apv 9.0000
1hef 9.0000
1agm 12.0000
1ppk 7.6576
1csh 7.5528
1iht 8.4559
1lyb 11.4202
1tnk 1.4881
1dwc 7.4089
2cht 5.5229
1aaq 8.3979
1hvj 11.3979
1dwd 8.1805
1epp 7.1612
1ets 8.2218
1elb 7.1549
8cpa 9.1487
1fkh 8.1549
1siv 8.0757
1mnc 10.3372
1fta 6.3565
1shd 6.1739
1tps 8.0000
1idb 7.9586
1hrn 8.0458
1drj 7.3979
2dri 6.8861
1drk 6.8239
1flr 10.0000
1hmr 6.5528
1hms 6.3665
1cbr 9.3979
1hmt 5.7852
1cka 5.7212
1utr 8.0000
1ahx 3.9208
1cny 7.8539
1laf 7.8539
186l 4.8539
1cnw 7.7212
184l 4.7212
1lcj 9.0000
1yda 6.5528
185l 3.5376
1pgp 5.6990
1lah 7.5229
187l 3.3747
1cnx 7.3665
1ahy 3.3565
188l 3.3279
1ckb 5.2840
1ydb 8.2366
1lag 6.3010
1prl 4.2291
1prm 4.2291
1rlp 5.0969
1rlq 5.0969
1ydd 7.0655
1cgl 6.8697
1ele 6.8539
2ada 13.0000
1fpc 7.0000
1eld 6.6990
1lcp 6.6383
2srt 6.6383
1pdz 3.6990
1tyn 9.6990
1hvr 9.5086
1atl 6.2840
1tpw 3.3010
1hpv 9.2218
1css 6.0969
1ctu 11.9208
1gar 10.0000
1eat 7.8239
1ebg 10.8239
1hdt 7.7645
1bty 4.7352
1eas 7.7447
1ibg 8.5528
1fiv 6.5850
1bma 4.5850
1ctt 4.5229
1csr 7.3768
1hbv 6.3665
1std 10.3279
1qca 5.2676
1hvs 10.3010
1hii 7.2757
1lan 7.2218
1hti 5.1308
1ppi 5.0132
1hih 8.0458
1vrt 7.0969
1vru 7.0000
1rth 6.3979
1bil 9.3010
1pig 9.1549
1bim 8.9208
1fpi 5.8861
1inf 5.0000
1cwc 7.7959
1rti 4.7696
1gym 2.6990
1cpi 7.4089
1mik 6.3468
1inh 2.3010
1qwf 6.3468
1nja 6.3098
1qwe 5.9208
1njb 5.7959
1gaf 8.0000
1sts 5.0000
1tsy 4.9586
1cea 4.9586
1dar 4.9586
1slg 3.9031
1lkk 6.8539
1lkl 5.8125
1tsv 4.7959
1nje 3.7959
1str 4.7696
1ceb 6.0000
1njd 5.5686
1njc 5.5528
1mai 6.6778
1zsb 0.6021
1sld 6.5686
2olb 5.5376
1pot 5.4949
1btn 4.3979
1det 4.3010
1kel 7.2840
1sle 6.1739
1swi 3.0969
1mmq 7.5229
2upj 7.3872
1lhc 10.3979
2csm 4.3010
1grp 3.7235
1fmb 10.0000
1sln 6.6383
1lhd 9.6198
1lhe 9.5376
1hsg 9.4202
1hsh 9.4202
1igb 6.3979
1jrs 6.3979
1aht 6.2076
1mmp 6.0706
1pbk 9.0458
1jao 5.9208
1gai 8.0000
1tcx 6.9508
1cwb 7.8861
1rdn 1.8416
1dud 4.8239
1gah 12.0000
1gno 7.6990
1rdj 1.6635
1gnn 5.6778
1dif 10.6576
1bmn 8.4437
1rev 7.4815
1jaq 4.4815
2csn 4.4089
1mmr 5.3979
1mtr 8.3979
1hpx 11.2596
1rdl 2.2441
1gnm 6.2518
1pro 11.3010
1noi 3.1549
1noj 3.1549
1nok 3.1549
1bmm 7.1024
1lhg 7.1024
1lhf 8.0915
1rdi 2.0555
1mdl 3.0915
1rnm 3.0736
1tcw 6.0177
1fkw 5.0458
1kvo 7.8861
1tze 6.8297
1lt6 3.3010
1jlx 5.7959
1bkm 5.7447
2rox 4.9788
1jld 6.7328
1lt5 2.6990
1tvr 7.4815
1uwb 8.3372
1dth 8.2218
1rt2 8.2218
1aq1 8.1549
1rt1 8.0969
1lfo 8.0458
1avn 3.9031
1rbo 12.7212
1drv 6.5376
1aqj 6.4685
1bxl 6.4685
1okl 6.0315
1ao0 4.9586
1nlp 4.9586
1avp 7.9208
1jev 6.8861
1aj7 3.8697
1jeu 6.8239
1ag9 9.0000
1ado 6.0000
2adm 5.6990
1aqi 5.6198
2h4n 8.6990
1nlo 5.4685
1gbq 2.4559
3gbq 5.4559
2mas 7.5229
1rst 4.4318
1aqc 5.3410
1shc 7.2757
1jet 7.2518
2hrp 8.3010
2aac 2.2218
1irs 5.2218
1mpa 8.0410
1nox 7.0458
1uvt 7.6383
1qbt 10.6198
1qbr 10.5686
1ajq 4.3098
1qbu 10.2366
1ai7 4.0862
1ai6 3.9706
4vgc 6.8962
1hxb 9.9208
1sqc 6.8539
3mbp 6.7959
1ai5 3.7235
1ad8 6.6021
1dmp 9.5528
1qbs 9.4685
1pau 9.4559
2kce 6.1739
1hpo 9.2218
1af2 3.0969
1vgc 5.9208
1yds 5.9208
3gss 5.8239
1dub 5.7959
1uvu 5.0000
2gss 4.9393
1ajx 7.9136
2rkm 3.9031
1h4n 4.9208
3aid 6.8633
1aid 4.8239
1al7 7.7959
1ajv 7.7190
1ajn 2.6345
1fwe 5.6021
1vfn 5.6021
1juy 7.6576
1vot 6.6021
1ydr 5.5229
3vgc 5.5072
1ai4 2.5045
7upj 8.4949
1anf 5.4559
1al8 5.3188
1fax 7.3872
6upj 6.3188
1ydt 7.3188
1uvs 5.3979
2vgc 5.2396
1ajp 2.2328
1amk 4.3010
1ml1 4.2840
1tom 8.3010
1sme 11.2218
5upj 7.1249
2jxr 7.0458
1rtf 3.0410
1bm2 6.9586
2pax 6.7447
1vik 9.5229
4pax 6.3979
1a2c 6.3010
1bmb 6.1549
1aq7 6.0458
1bl4 8.7447
1fgi 5.0000
2aig 5.0000
3pax 5.0000
3aig 6.0000
1agw 4.6990
2qwg 3.6383
1bji 8.6990
1bmq 7.4202
1ao8 8.2218
1skj 5.1549
1err 8.1135
1a5v 3.0969
1akv 11.5850
1b7h 8.0223
1b6h 7.8239
1a4k 8.0000
3pcj 7.2218
1b1h 7.0315
1ax2 3.9872
1b39 6.9208
1bcj 3.6990
1b0h 6.6990
1b38 6.5952
1a7x 9.6990
1a09 6.6990
3pck 6.6990
1x11 6.4949
220l 3.3979
223l 3.3979
1a07 6.3979
1a1b 6.3979
1a1c 6.3979
1ax1 3.2882
1bcu 3.2757
2nmb 6.2757
1wdn 6.3010
1b3h 6.2076
1axz 3.1959
1a9q 6.1675
1ax0 3.1273
1akq 9.1024
1akr 9.0862
1jmg 6.0706
1jmi 6.0605
1b5h 6.0132
1a4h 5.9208
1aj6 5.9208
1lvk 5.9208
1yet 5.9208
1bbz 5.8239
1vwn 5.8239
1jmf 5.7696
1gux 6.9586
1b3l 5.8861
1b3f 6.8861
1af6 1.8239
1azg 4.7959
1axs 7.7696
1br8 4.7447
1a1e 6.0000
2izl 6.0000
1vwl 5.6326
1azl 8.6198
1a08 5.6198
1akw 8.5850
1b3g 6.6990
4tmk 7.6990
3pcn 3.6576
1amw 4.5376
1b2h 4.5376
1a99 5.6990
1akt 8.4949
1b4h 5.4634
1a3e 8.4559
1bm7 7.5229
1vwf 6.5086
5tmp 7.4685
1bhf 4.3768
1swg 7.3575
4rsk 4.3242
1a0t 1.3010
1at5 4.1938
1aku 6.1273
1b05 7.1249
1b32 7.1024
1at6 4.0706
1awi 4.0458
1usn 7.7447
2qwe 7.4815
1bv7 10.3010
1a5g 10.1487
1xug 7.0458
1bxo 10.0000
1bv9 9.9586
1a52 9.8601
1bhx 6.8386
1tbz 9.7959
1bdr 6.6778
2usn 6.5086
1moq 3.4559
1alw 6.5229
1bdq 6.3372
1met 9.3979
10gs 6.3979
1br6 3.2218
1ayu 9.1549
1tsl 6.1549
1awh 6.0809
1meu 6.0969
2wed 6.0969
1awf 6.0132
3pcf 6.0458
1tsm 6.0000
2pri 2.9101
1a4w 5.9208
1bdl 5.8508
3tlh 8.8239
2amv 8.7959
1a8t 5.7959
3pce 2.0000
1ayv 8.0000
1b5g 8.0000
1mem 7.9393
2wec 3.9586
1a9m 6.9245
1hvh 7.9586
1au2 7.8861
1ilq 4.8861
2qwd 4.8539
1b4d 4.8069
1hxw 10.8239
1bju 4.7959
2qwb 2.7399
6cgt 6.0000
2qwf 5.6655
4mbp 5.6383
1a61 8.6198
1bwa 8.6021
1bjv 5.5376
1a46 5.6990
1b0f 7.6990
1mes 7.6990
1bjr 7.6778
1au0 7.6576
5fiv 7.6576
1a7t 1.6383
1afk 6.6198
3pcc 3.6198
3jdw 3.5969
2hpa 4.6021
2qwc 3.5528
1hfs 8.6990
1ohr 8.6990
1a8i 5.5229
1bwb 8.4202
2prj 4.4949
1lox 5.5229
1b11 7.3872
1bxq 7.3768
3pcb 2.3979
1bq3 5.3979
3pch 5.3979
1a28 8.2924
1auj 8.2518
1a30 4.3010
1afl 6.2840
1axr 3.2676
1ibc 10.2518
3pcg 2.3010
1a69 5.3010
16pk 5.2218
1bq4 5.2218
3bls 5.1367
2web 5.1192
6fiv 8.0809
1aw1 1.0506
1stc 8.0969
1jfh 2.0458
1a4g 8.3979
1bl7 7.7212
1bmk 7.6021
1qf5 7.3665
1bqm 7.3468
1a9u 7.3188
1db5 6.8182
1bl6 6.7959
1qfs 9.4815
1qti 6.4437
1vij 9.5229
1c3r 6.3979
1bqn 6.2218
1qf4 6.1772
1cj1 8.7959
1a86 3.9957
1biw 6.9830
5prc 4.8861
2cbr 6.8539
1cx9 6.7496
6prc 4.7696
1bqo 7.7352
3erk 4.7447
1qs4 5.6383
1bio 5.5376
1b9v 3.6498
1zfp 7.5850
1qpf 7.5686
4erk 4.5686
1czq 4.5376
1qpl 8.5086
1b2i 5.5086
1a4q 5.4437
1a85 4.5229
1c50 6.4763
1bug 4.3665
3znc 7.3439
1c9d 6.3019
1eve 8.2441
3cbs 7.2366
7prc 5.2076
2cbs 8.2218
1cw2 6.1457
1c5f 6.0655
1b9t 5.0969
1bnm 10.0000
1bnn 10.0000
1d3v 6.9586
1swr 6.9208
1a42 9.8861
1bn3 9.8861
1bnt 9.7959
1bkj 6.7696
1b2m 3.7328
5fwg 6.7212
2a2g 7.0000
1bnu 9.6990
1a4r 6.6576
2ay3 3.5528
1a50 6.6990
1bnq 9.4949
1rpj 6.4815
1ct8 6.5229
1bn1 9.3372
1bn4 9.3098
1azx 9.3979
1d4p 6.3010
1czl 9.1487
2ay6 3.1079
1bnw 9.0809
1czr 9.0000
2ay4 2.9066
2ans 5.9208
1ork 8.8069
1bnv 8.7696
1c12 8.7212
2bow 4.0000
1fpp 8.0000
1b9j 5.9586
1qka 5.9208
1d4w 6.9208
1vr1 6.8928
2ay2 1.8827
3tmk 6.8697
1bky 3.8416
1bux 4.8539
1mxl 3.8125
1d2e 6.0000
2ay5 2.5850
1bgq 8.5686
3kiv 4.6990
1qsc 3.6778
1sm3 4.6198
1d7i 3.6021
5a3h 4.5735
1b58 6.5850
1d04 4.5850
1czo 4.5528
2pcp 8.6990
1bt6 5.6990
1yei 7.4559
1yej 7.4559
1b5j 7.4318
1bzy 8.3372
1b55 7.3979
1qja 6.3809
1b51 7.3665
1qkb 7.3468
2ay7 2.3010
2ay1 2.2890
1clu 8.2676
2ay8 2.2366
1d7j 3.3010
1b46 5.2840
1b40 7.2757
1b4z 5.2291
1bzf 8.3010
2ay9 2.1612
1evh 3.2204
1aze 4.2218
1qk4 4.2147
1d4t 6.1871
1qk3 5.1487
1qaw 5.1249
1b52 7.1192
3mct 4.0680
3mag 4.0655
1bwn 7.0605
1m6p 5.0969
2mpa 8.0410
1b5i 7.0458
1b42 4.0092
1d4y 11.0969
3erd 9.8996
2std 9.8539
456c 9.7696
1bzh 6.7696
1sfi 10.0000
1ch8 7.0000
1oth 7.0000
3ert 9.6038
1bo5 3.6021
1dfo 6.6990
1ca8 9.4949
4yas 3.4089
1bxr 3.3979
1pme 9.3979
2bpx 9.3979
830c 9.2840
5yas 3.2596
1a5h 6.3010
1ba8 9.0000
1ekb 6.0000
1cet 2.8861
2bza 2.8013
11gs 5.8239
1dg9 2.7447
3amv 7.9666
1qin 8.0000
1cp6 5.0000
1qf2 5.9208
1bzc 4.9208
1xka 6.8827
1bm6 7.8861
1a94 7.8539
1b8y 7.8539
1d5r 1.8239
1ce5 4.7352
1caq 7.7212
7std 10.7212
6std 8.6383
1mfi 5.5850
2sfp 1.6990
1bai 7.6990
2bpv 7.6737
1c3x 3.6778
1bzj 4.6576
966c 7.6383
1b8o 10.6383
13gs 4.6198
1upf 4.6021
1c3e 6.5850
1a0q 7.5686
1c3b 7.5686
1qhc 7.5686
2tsr 7.5376
2fmb 8.6990
1cr6 8.5086
1bgo 8.4559
4fiv 6.5229
1qcp 7.5229
1b8n 10.5229
1d6n 4.5017
5std 10.4949
1ciz 7.4437
2bpy 7.4001
1bb0 8.3565
1hwr 8.3279
7kme 4.3979
1qbv 5.3872
1qjb 6.3809
1qf0 7.3768
2fgi 7.3449
4std 10.3279
1qf1 7.3188
1qbq 8.3010
1icj 2.2218
3std 11.1135
4prg 7.1549
2toh 4.1549
3usn 6.1487
1b56 6.0958
1yyy 5.0915
1ody 8.0969
1qr3 6.5850
1eei 3.1549
1d5j 9.1549
1e02 6.1549
1e00 6.0969
1eef 2.9208
1dzj 5.8861
1c3i 5.7959
1bzs 8.0000
1fv9 5.0000
1efi 1.9208
1qhr 6.8861
1ftk 4.8386
1fd7 1.8539
1d8f 7.7447
1qj6 7.7447
1c8k 6.0000
1di8 6.0000
1cqp 5.6198
1fyr 5.6198
1e06 5.6021
1e1y 5.6021
1qpe 7.6990
1d8e 6.6021
1dmt 8.6990
1d8m 8.5086
1qkn 8.4685
1dzp 5.4437
1dzm 5.4089
1d7x 8.5229
3gwx 5.3979
1exv 7.3468
1qtn 7.3010
1ezf 7.2518
1dtt 8.3010
1di9 5.3010
1c8l 8.1612
1dx6 6.1858
1dtq 8.2218
1em6 8.2218
1dm2 7.1549
1ftj 6.0857
1qj7 8.0969
1fsg 5.0223
1ftl 6.0009
1qj1 8.0458
1fao 7.3665
1fl3 6.7959
1d2s 9.7399
1df8 9.6990
1qku 9.5850
1g52 9.5376
1d3q 6.5376
1c7f 9.5229
1dl7 6.4949
1g1d 9.4437
1flm 9.3665
1e03 9.3979
1db1 9.2596
1fcz 9.2218
1fbm 6.2218
1d3d 9.0915
1f4y 6.0809
1dzk 6.0969
1g53 9.0410
1qkt 9.0362
1czc 2.8239
1czk 8.8239
1g54 8.8239
1g46 8.7959
1duv 11.7959
1ggd 5.7959
1qft 8.7696
1ddm 5.7696
1fhr 4.0000
1f8a 5.0000
1ql7 5.0000
1c5c 6.9586
1elr 4.9586
1ff1 4.9208
1qng 7.8861
1qiw 7.7447
1dpu 6.0000
1f40 6.0000
1g4j 8.6990
1dkd 5.6990
1e8h 5.6778
1g45 8.6383
1cze 2.6198
1f4x 5.5850
1fo0 5.5850
1om2 4.6990
1e5a 7.6383
1ftm 7.6055
1fzq 7.6198
1fj4 4.5850
1g1e 7.5376
1e4h 8.4089
1g48 8.4089
1fcy 8.5229
1bp0 5.3979
1d3p 7.3872
1qpb 1.3565
1g4o 8.2518
1c7e 6.2967
1ej4 7.3010
1g6g 6.2757
1g6r 4.2676
1etz 7.2366
1f3j 5.2218
1fcx 7.1938
1d6v 6.1739
1fch 7.1549
1d6s 4.1079
1dva 8.0706
1qnh 6.0595
1c1u 8.2518
1c4v 10.7959
1b57 8.0000
1c1r 7.6289
1c1v 7.6383
1f7b 4.6021
1c4u 10.3665
1c70 10.3010
1fjs 9.9586
1fh8 6.8861
1fhd 6.8239
1gfz 4.0000
1e37 3.6990
1c5x 6.6778
1d1p 3.6021
1f3e 6.6990
1c6y 9.5086
1fh9 6.4318
1c5q 6.3565
1e6s 3.2218
1d4k 9.2218
1d9i 9.1079
1ec9 3.0969
1fq8 6.0269
1f74 3.0458
1ezq 9.0458
1eoc 6.0458
1ecq 3.0000
1c5s 6.0000
1f4e 2.9586
1doj 8.9586
1e34 2.8794
1qm5 5.8239
1fkn 8.7959
1d4l 8.7696
1b6k 8.7447
1f0t 6.0000
1dqn 8.0000
1e2k 4.9431
1d6w 5.9586
1exw 3.9031
1b6j 7.9208
1c4y 7.9208
1fq6 7.8633
1erq 7.8861
1qbn 5.8539
1c83 4.8539
1ecv 4.8539
1qji 4.8539
1gfw 7.8239
1qb1 6.7696
1ek1 7.7696
1f0s 7.7447
1qbo 7.7447
1qaq 4.7447
1ylv 2.6990
1f57 5.6383
1hlf 5.6383
1ejn 5.6198
1c5n 4.6990
1c86 4.6990
1c5p 4.6778
1f0r 7.6576
1c85 4.6383
1f4f 4.6198
1c2t 6.5850
1egh 5.6990
1ggn 5.5086
1fq7 5.4271
1c5o 3.4949
1f4g 6.4815
1qan 4.4815
1fw0 5.4330
1qb9 7.4437
1fq4 6.4001
1b6p 8.5229
1fq5 8.3979
1f73 2.3872
1ql9 5.3516
1qi0 2.3468
1dy4 4.3565
1b6m 8.3979
1c88 5.2924
1fh7 5.2366
1ero 8.2291
1b74 1.3010
1qm4 4.3010
1e2l 4.2882
1b6l 8.3010
1ek2 8.2007
1ft7 5.1805
1c5y 4.2007
1c87 4.2007
1f0u 7.1612
1bsk 4.1192
1e55 4.1192
1gfy 5.0799
1enu 5.0809
1qq9 2.0605
1eix 11.0555
1dgm 5.0506
1c5t 4.0969
1qb6 6.0605
8a3h 4.0555
1c84 5.0044
1ci7 7.0458
1c5z 4.0132
1dqx 11.0458
1jlq 8.1549
1h8y 7.6990
1joj 4.2218
1jbd 6.9208
1g37 10.0000
1i7m 9.6383
1ft4 6.5686
1hvy 6.5376
1jik 9.6990
1fo3 6.6990
1jq3 6.6990
1i7c 6.3979
1k2i 3.1079
1i91 8.9393
1i8z 8.8962
1i90 8.8928
1jvp 5.7959
1jj9 5.7696
1hc9 8.7212
1iep 7.0000
1fvv 8.0000
1g2a 8.0000
1k1p 7.9245
1g49 7.7959
1h5u 6.7496
1jii 9.0000
1f0q 6.0000
1g4k 5.6990
1ikw 8.6021
1cs4 5.5686
1fo2 4.6990
1haa 8.6990
1i32 5.6990
1hbj 8.5229
1g05 8.5086
1jje 8.4318
1fls 7.4815
1e9h 7.4559
1i8j 4.4089
1jij 8.5229
1jk7 8.5229
1hs6 5.3768
1g5s 7.3188
1jil 8.3979
1iky 8.2596
1ikv 6.2840
1i72 7.2596
1fvt 7.2218
1ikx 8.1549
1i33 4.1249
1g27 8.1549
1jjt 8.0458
1j7z 7.6990
1jd6 7.3872
1ie9 10.1871
1j81 7.0969
1hn4 3.8239
1fwv 3.7212
1fwu 3.6990
1jd5 6.6198
1j4q 6.4437
1i80 6.4089
1j80 6.5229
1k3q 6.5229
1g3f 6.3665
1ex8 6.3279
1g7v 6.3979
1i7z 6.3979
1ka7 6.2218
1h6e 6.1549
1hiy 3.0809
1e3g 9.0044
1hn2 6.0000
1h8s 5.8125
1j4p 4.9914
1k3n 4.9914
1j4k 4.0000
1ih0 5.0000
1f90 7.9245
1k1l 6.9031
1fzo 7.8861
1h61 4.8861
1k1n 6.8153
1h62 4.7696
1k03 6.0000
1hq5 5.6536
1i9n 8.6576
1ha2 5.5376
1fzm 7.6990
1h60 4.6990
1f47 4.6655
1if8 9.6383
1ii5 6.6198
1joc 4.6198
1k1i 6.5784
1k1j 7.5528
1i8h 4.5376
1jgl 8.6990
1i9l 8.4815
1i9m 8.4815
1i9o 8.4202
1h9z 5.4202
1i9p 8.4089
1i9q 8.4089
1imx 3.5229
1if7 10.5229
1ewj 7.4949
1iq1 7.4559
1fl6 7.4318
1ikt 3.3979
1k1m 7.3979
1jmq 4.3979
1ilh 7.3872
1e3v 4.3397
1fe3 7.3307
1fzk 8.3979
1h6h 5.3010
1k9r 3.3010
1fdq 7.2725
1i5h 4.2757
1idg 7.1871
1k9q 3.1549
1gny 4.1367
1g6s 5.1549
1fzj 8.0969
1i1e 5.0269
1j4r 7.7212
1f8c 7.3979
1e66 9.8861
1fsy 6.8239
1g7g 6.6021
1jzs 6.6021
1i37 9.5686
1hp0 6.6990
1k9s 6.5229
1fsw 6.4949
1i00 6.3372
1hnn 6.2366
1hqh 6.3010
1f92 6.1938
1e72 3.2218
1jp5 9.2218
1h9l 3.1192
1e6q 3.1549
1g42 3.0132
1hqg 3.0000
1iih 2.8861
1e1x 5.8861
1hdq 5.8239
1f1j 8.7959
1g3c 5.7959
1g3b 5.7447
1eub 8.7212
1e5j 4.0000
1juj 6.9626
1hlk 5.0000
1hqf 5.0000
1i6v 5.0000
1g2k 7.9586
1f2o 1.9066
1f2p 1.8962
1e1v 4.9208
1g30 6.8539
1f8e 4.8239
1ga8 1.7959
1f28 7.7959
1f5k 3.7447
1fm9 9.0000
1fpy 6.0000
1i48 5.6990
1g5f 2.6364
1jak 5.5686
1g3d 5.5528
1i43 3.6990
1iem 7.6990
1iew 4.5935
1iig 1.5686
1dxp 7.5686
1hp5 6.5528
1g2o 10.5528
1f9e 8.6990
1g98 5.6990
1jsv 5.6990
1g7f 5.4685
1hi4 4.4949
1ik4 7.4089
1f8b 5.3979
1g3e 5.3768
1hee 5.3372
1k06 5.3372
1k08 5.3372
1f8d 3.3979
1g2m 7.3979
1jh1 4.3872
1jut 7.3215
1f5l 5.2757
1jd0 8.2441
1f9g 1.2757
1g2l 7.2441
1hv5 8.3010
1hi3 4.1938
1k1o 6.1707
1g36 7.1739
1efy 8.2218
1jr1 8.2218
1g35 8.1367
1gcz 5.1308
1gag 6.1249
1g32 6.1079
1jtq 8.0706
1jjk 11.0555
1iau 7.0969
1ga9 7.0809
1hyo 4.0716
1hi5 4.0362
1l6y 3.6576
1kkq 6.6198
1i7i 6.6990
1il9 3.3979
1m5c 6.3010
1kz8 6.0809
1gzg 3.0458
1h1q 6.0000
1i7g 6.0000
1kat 6.0000
1ld7 8.9586
1il4 2.8539
1ktt 5.8239
1jyi 4.0000
1kmv 6.9508
1klg 7.8861
1m5f 7.8297
1juf 5.8539
1iyl 9.0000
1ke8 6.0000
1jiz 8.6990
1il5 2.6576
1h1r 5.6383
1lev 5.6021
1m7q 8.5850
1il3 2.5528
1m5e 7.6968
1hww 7.6990
1klu 7.6021
1kak 4.5850
1ld8 8.4559
1ijr 5.4437
1eou 7.4437
1l6s 4.4089
1hy7 5.3883
1kyn 5.3872
1hxk 3.3979
1hty 1.3979
1gmy 7.3468
1nd5 8.3979
1jg0 5.3010
1ke6 8.2441
1inq 6.2684
1ke5 6.2518
1jdj 2.3010
1lqf 8.3010
1g9a 5.3010
1g9b 5.3010
1g9c 5.3010
1g9d 5.3010
1k3t 4.1938
1ke9 6.1805
1mzs 5.1549
1ljt 5.1549
1ke7 8.0506
1m5d 5.0362
1m5b 8.0132
1llb 6.0458
1m7y 10.9586
1lbf 7.8539
1jyc 4.3372
1n4k 10.0458
1lrh 6.8239
1li6 3.7959
1kv2 10.0000
1is0 7.0000
1gz9 3.5086
1gzc 3.4949
1esz 6.5229
1gx8 6.3665
1m83 3.3979
1g50 6.2757
1gui 6.2757
1lhw 9.0799
1lgt 6.0969
1kdk 9.0458
1kl5 5.9914
1kv1 5.9355
1lhv 8.9101
1kzn 8.9208
1kyv 5.9208
1kl3 5.8633
1lek 8.8861
1lhu 8.8297
1guw 5.7212
1m74 7.0000
1lgw 4.0000
1l5q 3.9666
1jm4 5.0000
1jpl 5.0000
1leg 7.9547
1k6v 6.9208
1mwt 1.8761
1h2t 7.8861
1h2u 7.8861
1l5r 4.7696
1h7a 4.7212
1lvc 6.0000
1mwn 6.6990
1l2z 3.6925
1i8i 7.6576
1l0a 4.6216
1j5i 3.6383
1k6t 7.6198
1gwr 6.6021
1mq1 6.5850
1jyq 8.6990
1g85 5.4815
1jq9 8.4473
1lf8 5.4559
1h0a 5.4437
1k6c 7.4815
1k2v 4.4437
1k6p 7.3565
1n5z 4.3565
1jlr 3.3325
1gu3 4.3224
1fd0 8.3979
1l5s 3.2596
1li3 4.2518
1kll 5.2007
1jif 6.2007
1lxh 7.1871
1lbk 3.1752
1lkx 5.1487
1gwq 7.1192
1m48 5.0862
1gni 8.0706
1lxf 4.0969
1lb6 4.0757
1g7q 6.0570
1ez9 5.0969
1kmy 5.0969
1g7p 7.0458
1gnj 7.0410
1li2 4.0410
1l7x 4.0362
1ghy 8.0969
1gj7 7.8861
1izh 7.6990
1gi4 7.1871
1d4h 10.0000
1ec2 10.0000
1gj6 7.0000
1gj8 6.9586
1mto 6.9586
1kuk 3.9066
1m0q 3.8861
1kug 3.7959
1kui 3.7721
1h1b 9.7959
1ihy 3.7447
1kqb 4.0000
1eby 9.6990
1ke3 6.6990
1izi 6.5850
1gzv 6.5686
1gz4 3.6990
1loq 3.6990
1kf6 6.6990
1koj 6.6990
1gpn 6.4763
1j01 6.4685
1jqe 6.4437
1m4h 9.5229
1ebz 9.3979
1lol 6.3872
1gjb 6.3468
1gjc 6.3468
1gqs 6.3010
1gi6 6.2218
1ew9 3.2218
1l8g 6.2218
1gvk 3.0506
1h22 9.0969
1ebw 9.0458
1ec3 9.0362
1jq8 5.9957
1fv0 5.9281
1ec1 8.9208
1h2k 2.9208
1mui 11.8861
1d4i 8.8539
1k4g 5.8539
1kpm 5.7986
1kav 5.8239
1kds 5.7696
1lf3 7.0000
1gvw 6.9586
1h5v 3.9318
1gj5 4.9586
1km3 4.9066
1h1p 4.9208
1jqy 4.9208
1j15 3.8447
1j16 3.8447
1me4 6.8356
1jwt 7.8539
1nde 7.8239
1ghz 4.7959
1lee 7.7447
1gvu 9.0000
1iup 2.5376
1kdw 5.5376
1h4w 4.6576
1m1b 4.6576
1gyy 3.6383
1g9s 3.6073
1l2s 4.5850
1n1m 5.6990
1ec0 8.4949
1gyx 2.4815
1gi1 5.4685
1gja 5.4202
1jys 3.5229
1lf2 7.5229
1gu1 4.5229
1gi7 4.5086
1j14 4.4921
1iiq 7.4815
1h8l 7.4685
1kti 3.4318
1eb1 10.4318
1kc7 5.5229
1it6 8.3872
1k21 8.3768
1ke0 5.3768
1gpk 5.3665
1d4j 8.3565
1h23 8.3468
1kzk 10.3872
1mhw 7.3468
1ghv 4.3468
1i2s 3.3098
1k22 8.3979
1kfy 5.2840
1ew8 2.2596
1g9t 3.2790
1j17 5.2182
1gi9 5.2218
1gjd 5.2218
1jqd 5.1612
1gvx 7.2218
1ll4 7.2218
1kv5 4.2218
1ghw 4.2007
1me3 7.1898
1los 7.1938
1h1s 8.2218
1h1h 5.2218
1jcx 5.1549
1k4h 5.1135
1jvu 5.1549
1lor 11.0555
1gi8 5.0506
1gj4 4.0706
1eb2 6.0088
1q6m 7.8861
1q6j 7.7959
1q6n 7.6383
1j1a 7.5376
1onp 7.5229
1oir 7.4949
1ogu 7.4685
1nq0 10.3188
1mzc 10.2218
1nyx 7.0362
1g3m 10.0000
1ouk 9.8861
1n7t 6.8239
1okx 6.7959
1mqd 6.7696
1ms7 6.7696
1pqc 7.0000
1kwr 6.6021
1mqh 6.5229
1q9m 6.4815
1nl4 9.4089
1mqg 6.2840
1ol2 6.2757
1oyn 6.2596
1kwq 9.2076
1okv 6.1675
1ove 9.1308
1pxl 6.0458
1n94 8.9586
1n95 8.9208
1o5m 8.7212
1nzq 7.9586
1n0t 4.9136
1p2a 7.9208
1q6s 7.9208
1h0w 4.8861
1pxj 4.8861
1h3b 6.8508
1p5e 4.8069
1pmv 6.8239
1q3d 7.8239
1njt 4.8239
1mkd 6.7959
1pxi 4.7696
1m51 4.7258
1o6h 6.7305
1h36 7.7447
1urc 4.7167
1uom 7.7212
1npw 8.6990
1nhx 5.6757
1n9a 8.6576
1pxk 5.6576
1oiq 5.5376
1mm6 7.6990
1mm7 7.6990
1pyw 7.6990
1ol1 4.6778
1q41 7.6576
1h01 4.6576
1mqi 7.6284
1o6q 7.6383
1h3a 6.5513
1h39 6.5391
1h08 4.5528
1h35 7.5376
1nnk 5.4559
1h3c 6.5143
1h00 4.4202
1h07 5.5229
1mxu 5.3979
1my3 5.3979
1ouy 8.3665
1mqj 5.3224
1rgj 8.3098
1o79 6.3915
1q3w 8.3979
1okw 5.2518
1nmk 8.2441
1npv 8.2441
1pmu 6.2291
1h37 7.2291
1q6t 8.3010
1o0d 8.2076
1onh 8.2076
1gsz 7.2147
1pmn 8.1487
1pmx 5.1427
1pq6 8.1002
1o6r 7.0969
1ong 8.0458
1nf8 7.8239
1gx0 4.2218
1nzl 7.1549
1mv0 4.0301
1oeb 6.9281
1q72 6.8539
1qyg 6.8539
1p1n 6.7959
1hk2 6.7696
1usi 6.7447
1ugy 3.7212
1n4m 6.7212
1ov3 6.7212
1o5p 10.0000
1gww 3.5884
1hk3 6.5850
1mrw 9.6990
1g74 6.5229
1o9k 6.4685
1gt3 6.4559
1ms6 9.5229
1gt4 6.5229
1h28 6.5229
1nzv 6.3979
1usk 6.3979
1m7d 6.2291
1h24 6.3010
1mh5 9.2147
1njf 6.2076
1msn 9.0915
1ogx 6.0915
1ugw 3.0862
1gt5 6.0969
1ogd 3.0315
1n8u 6.0315
1n8v 6.0315
1q8u 5.9586
1ugx 5.9066
1ogz 5.8539
1ntv 5.8239
1urg 5.8239
1p1o 5.7595
1mjj 8.7375
1h25 5.7447
1n7m 5.7077
1obx 5.7212
1r0p 8.0000
1oai 5.0000
1r2b 4.9431
1n3w 6.9586
1p1q 4.8928
1i3z 6.8827
1r0x 3.8268
1r10 3.8268
1jws 4.8539
1j19 7.7852
1q8t 4.7570
1oif 7.7212
1p93 7.7212
1gt1 6.0000
1lnm 8.6990
1ow4 5.6778
1hk1 5.6383
1h27 5.6021
1o9d 5.6021
1gwv 2.5719
1h26 5.5376
1ngw 7.6840
1oz0 7.6990
1h3h 6.6576
1ofz 4.6180
1mn9 4.6198
1q9d 4.6021
1nli 3.5850
1jwm 3.5686
1m13 7.5686
1uj0 4.5686
1q4k 6.5528
1umw 6.5528
1oko 4.5376
1uh1 5.4815
1oba 2.4437
1nu8 5.4202
1p28 5.4202
1lke 7.5200
1osg 7.5229
1ntk 10.4949
1msm 10.4815
1n0s 7.4535
1r17 6.4214
1oe7 5.5229
1oe8 5.5229
1m7i 5.3979
1mj7 8.3468
1jwu 5.3372
1oim 5.3188
1hk4 5.3098
1q4l 7.3979
1py1 4.3979
1p7m 4.3768
1olx 4.3270
1ow6 5.3979
1ow7 5.3979
1ow8 5.3979
1pz5 5.3979
1hk5 5.2426
1q8w 5.2441
1oqp 7.3010
1mfg 4.3010
1ppx 7.2840
1pun 7.2840
1puq 7.2840
1pus 7.2840
1gx4 4.2757
1m5w 4.2676
1mrx 7.2596
1mau 11.3010
1p4u 5.3010
1pdq 5.3010
1ucn 5.2218
1ox9 5.2104
1nw5 5.2147
1q5l 3.2218
1odi 4.2076
1nu1 7.1938
1o9e 4.1805
1l6m 8.1024
1om9 4.1549
1nw7 5.0915
1iwq 8.0555
1maw 1.0969
1gwm 4.0969
1odj 4.0969
1jn2 4.0862
1onz 5.0969
1o3e 7.9586
1o3f 7.9586
1o3g 7.9586
1o2t 7.8539
1j07 7.6778
1o2q 7.6778
1lyx 4.5376
1lzo 4.5376
1pf8 7.5086
1n46 10.5229
1oyt 7.2441
1nhg 7.3010
1o3h 7.3010
1o3i 7.3010
1o2h 7.1675
1o39 7.1308
1o3b 7.1308
1o3c 7.1308
1o3d 7.1308
1nz7 7.1192
1nm6 10.0458
1m9n 6.9208
1o2j 6.9208
1o2k 6.9208
1pvn 9.8239
1nnu 6.8239
1o37 6.8239
1o38 6.8239
1nlj 9.7959
1nq7 6.7959
1mpl 3.7696
1o30 6.7696
1o3j 6.7696
1o3k 6.7696
1ony 6.7696
1gz3 3.6990
1o3p 6.6576
1n7i 6.5850
1o86 9.5686
1n4h 6.5528
1o3l 6.5376
1nms 6.6990
1m2r 6.4559
1n7j 6.4318
1nax 6.4318
1o2o 6.3565
1pbq 6.2676
1iy7 6.1938
1o6i 3.1871
1k1y 3.2218
1qwu 3.2218
1nc1 6.1249
1o2g 6.1192
1m2p 6.1079
1o2z 6.1079
1m2q 6.0969
1o2n 6.0915
1nhz 6.0757
1pu7 3.0969
1pu8 3.0969
1os0 6.0315
1k27 9.0000
1p6d 2.9393
1j37 8.9586
1nfw 8.9586
1nl9 5.9586
1o36 5.9586
1p6e 2.9172
1o0h 5.9208
1n3i 8.8861
1nfy 8.8861
1nt1 8.8861
1ny0 5.8539
1o2u 5.8539
1o2v 5.8539
1o2w 5.8539
1o2x 5.8539
1o2y 5.8539
1q54 5.8539
1ny2 2.7570
1lq2 8.7696
1pxh 8.7447
1o32 5.7447
1o33 5.7447
1o34 5.7447
1mf4 7.9914
1p0y 0.9965
1nu3 4.0000
1my4 6.9788
1nc6 8.0000
1kr3 5.0000
1nc3 5.0000
1o35 5.0000
1jn4 4.9469
1oyq 6.9586
1mrs 3.9586
1ndv 5.9208
1ph0 6.9208
1pr5 3.9208
1npz 7.8861
1nhw 4.8447
1n1t 3.8539
1n1v 3.8539
1n51 4.8539
1o2p 4.8539
1lqe 5.8219
1njs 7.8239
1nvs 7.8239
1oss 4.7852
1my2 7.7696
1j36 7.7447
1nfu 7.7447
1mcz 3.0000
1mq5 9.0000
1mxo 9.0000
1lf9 12.0000
1o8b 2.6778
1n5r 5.6576
1nhu 5.6576
1nhv 5.6576
1lrt 5.6383
1h0r 3.6990
1nyy 4.6778
1nny 7.6576
1owk 7.6289
1pb9 3.6180
1no9 7.6198
1orw 7.6003
1lpz 7.6021
1nj1 7.6021
1pcg 7.6021
1pa9 4.6021
1h46 3.5686
1np0 3.5686
1owi 7.5528
1lpk 7.5528
1i5r 8.5229
1nfx 8.5229
1pyn 5.4949
1o2s 5.4685
1pq3 7.5229
1mrn 4.5229
1my8 7.4559
1ozv 1.4365
1no6 4.4089
1nym 5.3979
1nwl 2.3872
1lzq 8.3872
1nl6 11.3188
1jt1 3.3979
1owh 7.3979
1ocn 6.3851
1owj 7.3188
1ps3 2.2840
1nvq 8.2518
1nj5 7.3010
1nqc 7.3010
1ndw 5.2291
1o0f 5.3010
1pr1 5.3010
1h1d 8.2218
1o2r 5.2147
1owd 8.2007
1ocq 5.1871
1q1m 5.1612
1n3z 4.1993
1owe 6.2000
1nxy 7.1938
1me7 7.1871
1me8 7.1871
1ndy 6.1675
1pb8 5.1537
1o0m 5.1487
1p2g 2.1308
1qx1 2.1249
1ndz 8.1135
1nvr 8.1079
1m2x 4.1549
1mq6 11.1549
1lpg 7.0862
1o0n 4.0862
1n2v 4.0809
1ui0 7.0555
1njj 2.0969
1o0o 5.0969
1od8 5.0969
1qxk 5.0458
1lqd 8.0458
1uv5 8.3010
1xom 7.9586
1xbc 7.9208
1vjb 7.8861
1xon 10.6778
1vjy 7.6383
1xlx 7.6021
1q1y 7.6990
1r5g 7.5229
1xm4 10.3872
1xdg 7.3010
1rs4 7.1675
1py2 7.2218
1unh 7.0000
1r58 6.9586
1vj5 6.9208
1v0p 6.8861
1rv1 6.8539
1ung 6.7959
1r5h 6.7447
1rwq 10.0000
1unl 6.6990
1oiu 6.6778
1tkz 6.6198
1xnz 6.6198
1o45 9.6021
1snk 9.6021
1so2 9.5686
1xdd 6.6990
1rsd 6.5229
1pzj 3.4949
1t46 6.4318
1tl1 6.4202
1xor 6.4089
1o4d 3.5229
1o4f 3.5229
1xm6 6.3768
1xp6 9.3979
1tow 6.2441
1xn0 6.2441
1o4e 3.3010
1xp1 9.3010
1tl3 6.2007
1x81 9.1871
1xoq 9.1675
1tkt 6.1487
1uu3 6.1249
1rhk 9.1129
1tu6 9.0809
1xmu 9.0757
1sj0 9.0969
1ni1 9.0458
1xlz 6.0177
1o41 3.0458
1pum 3.0458
1xp0 9.0000
1uze 8.8962
1o4k 2.9208
1xoz 8.9208
1xp9 8.8861
1tqf 5.8539
1utz 5.8539
1rri 5.8239
1ros 8.7696
1xpc 8.7696
1hkm 8.7212
1s9v 4.0000
1tlo 4.0000
1o46 8.0000
1sqb 7.9508
1o4a 6.9208
1tg5 7.9208
1wdy 7.8861
1uyh 4.8447
1uu7 4.8539
1uy9 4.8153
1qxy 4.7959
1uyk 4.7670
1rhq 7.7520
1rhm 5.7607
1w22 6.7557
1qxz 4.7212
1tou 6.0000
1uvr 6.0000
1uym 6.0000
1npa 8.6990
1tve 5.6778
1o43 5.6576
1o4i 2.6383
1o4p 2.6021
1hkj 8.5850
1rtl 5.5850
1szm 5.5317
1xos 4.6990
1oq5 7.6778
1uwh 7.6576
1t49 4.6576
1soj 6.6162
1v3x 7.6198
1q6k 7.5850
1vcj 4.5850
1riw 7.5528
1rrw 4.5528
1vyz 6.5376
1tkx 7.5376
1o4b 5.6990
1rhu 8.5229
1tl9 5.5229
1xh3 5.5086
1o4q 2.4949
1o4o 2.4559
1o4h 2.4437
1xot 5.4202
1o4r 2.4089
1uyf 4.5229
1t48 3.4559
1v1k 4.4559
1vyw 7.4318
1rsi 4.4202
1rq2 2.5229
1o44 8.5229
1r78 8.5229
1uyi 5.3872
1o4j 2.3565
1hkk 7.3979
1uyc 4.3872
1o49 6.3595
1o48 6.3468
1o47 8.3979
1w4l 8.3979
1tv6 5.3979
1uu9 5.3979
1v0o 5.2596
1xmy 7.3000
1w51 6.3010
1ppw 4.3010
1rs2 4.3010
1py5 7.2924
1uyg 4.2716
1u59 7.2534
1okz 8.3010
1v2h 5.3010
1oky 8.1871
1w6j 8.1871
1q0b 5.1739
1uk1 7.2218
1re1 5.2135
1oiy 7.1938
1oi9 7.1612
1pw6 5.2218
1rhr 8.0996
1w6r 6.1537
1w76 6.1537
1rxp 7.1427
1uy8 4.1249
1pfy 8.1549
1tfz 8.1549
1qxw 5.1549
1rry 4.0969
1uk0 8.0969
1t4j 5.0969
1rhj 8.0376
1u32 7.0132
1o42 8.0458
1uu8 5.0458
1tfq 7.9208
1xsc 4.3010
1xzx 10.2218
1sr7 10.0969
1toi 4.0458
1utj 3.8416
1os5 6.8539
1oh4 3.7447
1s3k 6.6198
1vjc 3.5800
1ujk 6.5686
1vjd 3.5436
1nki 6.6990
1s19 9.5086
1utn 3.4935
1ru2 6.4949
1q4x 9.4815
1qy1 6.5229
1toj 3.3872
1ukh 6.3768
1sqn 9.3979
1xow 9.2840
1udt 9.3010
1tpz 6.1938
1tq4 6.1938
1tog 3.2218
1uho 9.2218
1xb7 6.2218
1uod 3.1079
1xxh 6.1079
1w9u 6.0915
1oj5 6.0969
1ujj 6.0969
1t7d 6.0269
1utm 3.0123
1udu 9.0458
1t29 6.0458
1t7r 5.9586
1oay 5.9208
1ule 5.9208
1u1w 5.8539
1p17 2.8239
1ryf 8.7959
1qy2 5.7447
1rmz 8.0000
1vyg 8.0000
1xws 8.0000
1sbr 5.0000
1pg2 4.9586
1uz8 4.9586
1nlt 4.9208
1vkj 4.8539
1rd4 7.7375
1ru1 4.7447
1pfu 2.7212
1ux7 3.0000
1xt3 5.6968
1uti 5.6198
1q1g 8.5686
1r5w 5.5376
1oau 7.6990
1ryh 7.5591
1w80 4.5436
1utc 4.5528
1szd 4.5352
1xap 8.6990
1y0x 8.6990
1xxi 5.5229
1t08 5.5086
1uef 5.4949
1utl 2.4672
1tok 2.4685
1r5n 5.4202
1u2r 5.4089
1vea 7.5229
1xa5 6.5003
1osv 3.4815
1r5v 4.4815
1qvu 4.4559
1utp 1.4437
1t2v 6.3979
1oar 7.3979
1r6n 7.3979
1qvt 4.3768
1td7 4.3665
1uw6 7.3449
1ttm 7.3468
1sv3 4.3468
1t37 4.3468
1w3j 6.3152
1r9l 5.3979
1s5q 5.2840
1uto 2.2741
2bfr 5.2495
1opi 7.3010
1sw1 7.3010
1u8t 4.2596
1uxa 2.3010
1oxr 5.1938
1sw2 7.2218
1pzi 4.2218
1ulg 4.2062
1q7a 7.1938
1sje 8.2218
1w2x 5.1427
1uv6 5.1206
1p19 4.1146
1uxb 2.1549
1rzx 4.0969
1nw4 9.0655
1x8s 5.0969
1u9l 5.0177
1r4w 4.0458
1sjh 8.0458
1vyf 8.0458
1rp7 8.5229
1vja 7.6990
1w1g 7.6778
1oxg 10.5686
1v0l 7.5528
1v0n 7.5528
1vj9 7.5528
1sqo 7.4559
1sc8 7.4437
1ua4 4.2218
1pxm 7.2218
1xd0 7.1249
1pxn 7.1549
1sb1 6.8928
1pkx 6.9208
1vcu 3.8539
1om1 6.7696
1nh0 9.7447
1wc1 4.0000
1wc6 4.0000
1rjk 10.0000
1pxp 6.6576
1qw7 3.6021
1uys 3.6021
1w1d 6.5229
1s4d 6.4949
1xjd 9.4815
1q4w 6.4559
1r5y 6.4559
1o5a 6.4202
1re8 9.5229
1t69 6.3188
1w3l 6.2840
1px4 3.2291
1phw 3.3010
1pwp 6.3010
1wm1 6.3010
1sqa 9.2076
1sqt 6.2007
1v2k 6.1871
1ta6 9.1308
1u0g 6.1549
1s26 3.0706
1o5f 6.0706
1uj5 3.0506
1uj6 3.0506
1xbo 6.0362
1s63 9.0458
1uwu 5.9830
1uwt 5.9666
1mu8 9.0000
1v2n 5.9031
1r1h 8.9208
1u6q 5.8827
1ugp 2.8861
1q63 5.8539
1m0b 8.8153
1w5w 8.7959
1rql 2.7471
2bet 2.7696
1o5b 5.7696
1q66 5.7696
1ur9 5.7696
1o5e 5.7447
1u0h 6.9586
1qxl 7.9586
1o5g 4.9586
1pwq 4.9586
1t3t 4.9586
1tl7 7.9208
1uz1 6.8861
1v79 7.8861
1xff 4.8239
1v48 7.7959
1pi5 7.7696
1v2o 4.7340
1v2p 4.7340
1sdv 8.7423
1u2y 1.7447
1txr 7.7447
1v2t 4.7086
1rm8 9.0000
1ssq 6.0000
1pxo 8.6990
1pwu 5.6778
1r1j 8.6383
1r1i 8.5376
1rdt 6.6990
1rek 6.6990
1s39 7.6990
1uou 7.6990
1v41 4.6990
1xs7 7.6003
1w8m 1.6021
1u33 4.6021
1v2r 3.5545
1pk0 7.5686
1w5y 8.4815
1q65 5.4559
1t4s 2.4437
1xxe 5.4089
1uml 7.5229
1w8l 0.4949
1ro6 6.4559
1pi4 7.4318
1pye 6.4134
1q5k 7.4202
1ta2 8.5229
1xkk 8.5229
1w5x 8.3979
1mu6 8.3768
1uz4 3.3979
1p57 4.3979
1sgu 5.3731
1v2u 3.3696
1v2v 3.3696
1rwx 7.3665
1pzo 3.3188
1pzp 3.3098
1s64 8.3979
1xbb 5.3010
1s89 5.2366
1w3k 4.3010
1v2l 4.2924
1v2m 4.2924
1sdt 9.2676
1v2j 3.2472
2bes 4.2441
1rej 8.3010
1rww 8.3010
1o5c 5.2218
1ogg 5.1938
1ro7 3.1824
1v2s 4.1675
1pl0 8.2218
1s38 5.1549
1w5v 8.1487
1thz 5.1487
1o5r 8.1249
1q91 4.1549
1pf7 10.1427
1v2q 4.1330
1sdu 10.0655
1tuf 4.0506
1p4r 8.0969
1v0k 5.0969
1v0m 5.0969
1v7a 8.0088
1pwy 4.0458
1sh9 6.0306
1v2w 4.0097
1yt9 8.3010
1tt1 8.1549
2a5u 8.0969
1z6j 8.0269
1waw 7.8861
1yhs 8.0000
2b54 7.6990
1y2k 7.6778
1y2j 7.4815
1y2h 7.2518
1y91 7.2291
1w83 7.1871
1z4u 7.1549
1yvf 7.0000
2a3x 6.9208
1yt7 9.8861
1s9t 6.8239
1y2e 6.7959
2ai8 6.7959
1rw8 6.7570
2c1a 6.7696
2a4z 6.6021
2byh 6.5884
1y2c 6.5686
2c6l 6.5686
1zz3 6.5376
1z6q 6.6990
1wbt 6.4685
1wbn 6.4559
2c6m 6.4559
2c1b 6.3979
1z34 3.3768
2byi 6.3363
1xhm 6.3279
2ai7 6.3979
1wzy 6.2518
1zh7 6.3010
1r6g 9.2076
1wbs 6.2007
2b53 6.2218
2c6k 6.1367
2bz5 6.1549
1xo2 6.0706
1you 9.0605
2b5j 9.0969
1zz1 6.0223
1z6p 6.0458
2a3i 6.0458
1yc5 3.0000
2c4g 5.9393
1w1t 2.9586
1u3s 8.8539
2bro 5.8539
1zyj 5.8239
2bge 2.7959
1wug 5.7959
1zuc 8.7696
2c68 5.7447
1x76 8.7212
1z3c 4.0000
1x7e 5.9737
2c6i 4.9586
1zp5 2.9208
1wqv 6.8861
2f6y 3.8703
1ywr 7.8861
1x78 7.8539
1ymx 4.8539
1yw2 6.8508
1yhm 3.8327
2a3a 2.8239
2b8l 7.8239
1ttv 6.7959
1wbv 3.7905
1y57 5.7870
1xh8 5.7696
1wss 7.7696
1x7q 6.7305
1wu1 7.7447
1x70 7.7447
1w82 6.7077
1yk7 7.7212
1wbg 3.0000
1z9h 3.0000
2ban 9.0000
1zgv 6.0000
1y2d 5.6990
2aie 5.6576
1w1y 2.6198
2bbb 8.6198
2f71 5.6021
1x0n 7.6990
2bts 7.6990
2brh 4.6402
1y6a 7.6576
2c69 4.5850
2bmc 7.5686
1svg 8.6990
2be2 8.6990
2bpm 8.6990
2bw7 5.6990
1u3q 8.4559
1u9w 8.4559
1ynd 8.4437
2a3w 5.4202
2aia 5.4089
1z5m 7.5229
1zkn 4.5086
2f70 4.4750
1wok 7.4815
1wcc 3.4559
1w84 4.4559
1svh 6.4437
2f6v 4.4318
1y6b 7.4202
1veb 7.4089
1yi3 5.3979
1x7b 8.3872
1yvz 5.3565
1wb0 5.3468
1u9q 8.3279
2f6z 5.3188
1way 3.3979
1xog 6.3872
1xoe 7.3872
1wbw 4.3565
1yrs 6.3468
2a3b 3.3288
1w1p 2.3010
1zzl 8.3010
1wum 5.2924
2brn 5.2596
1u9e 8.2441
1zrz 5.2366
1wv7 7.2596
1sve 8.3010
1u3r 8.3010
1w0x 5.3010
1zz2 5.2218
2brg 5.2147
1w1v 2.2007
1sqp 8.2007
1wun 7.2076
1xqc 7.2007
1xur 5.1805
1xuo 7.1612
1u9v 8.2218
1xuc 7.1427
1u9x 8.1549
1yvx 5.0969
1zkl 5.0915
1wxz 8.0655
1zgb 8.0555
2brc 5.0506
1y2b 4.0862
1wax 4.0655
1xud 8.0969
1zxc 8.0969
2b52 8.0969
1zaj 5.0969
1wtg 7.0315
2btr 7.0223
2b55 7.0177
1x8b 7.0132
2b8v 7.0088
1x7r 8.0458
1tft 8.3010
1t13 7.3768
2bfq 6.8861
1xt8 6.8539
1tr7 6.8239
1uwf 6.8239
2f01 13.0000
1tmm 6.6383
1zub 6.5686
2bmz 3.6990
1ysg 3.5229
2aa6 9.4089
2bys 9.5229
1w9v 6.3372
1z2b 6.3979
2ao6 9.2840
2bt9 6.1938
1y8p 6.0757
1yy6 6.0655
2byp 9.0555
1kjr 6.0555
1ws5 3.0334
1ws4 3.0000
1xk5 6.0000
1y8o 5.8861
1ydk 5.8861
2a29 2.8539
1wdq 1.9809
1vyj 7.0000
1ycm 8.0000
1z3j 8.0000
1yid 5.0000
1ykp 2.9586
1x9d 3.9586
1z3t 3.9393
2a58 4.9208
1y2f 4.9208
1xfv 3.8861
1xh7 6.8239
1sqq 7.8239
1y3p 4.8239
2a0t 4.8239
1ywh 7.7852
1u1b 7.7959
1y19 6.7696
1xh9 7.7696
1y0l 9.0000
1t7j 8.6990
2bz8 5.6021
2byr 8.5528
1y3n 5.5528
2c2l 5.5528
1xge 4.6819
1xr8 6.6990
1w70 3.6990
2bjm 3.6990
2agv 7.6990
2arm 7.6778
2a25 4.6198
2c3i 7.6021
1wva 6.5686
1yc4 6.5528
1wdr 2.5157
1y98 5.4318
1w96 8.4089
1y3a 5.4089
1zhy 6.5229
1xz8 4.5229
2a4m 4.5229
2br8 7.4868
1zkk 4.4815
1xh5 5.4685
1xh4 7.4685
2bj4 4.4685
1zhk 4.4535
1ywi 3.4306
2bak 7.4318
1tjp 4.4202
2baj 8.3979
1w6y 5.3565
1yvh 7.3665
1we2 4.3565
1y2a 7.3391
1xq0 6.3429
1zm6 4.3468
1xh6 7.3188
2bal 6.3098
2az5 5.2708
2f8i 7.2596
1rr6 10.2518
2aeb 8.3010
1x8d 2.2104
1yc1 6.1675
1xr9 7.1549
1z3v 4.1135
2c1n 4.1073
1t4e 7.0969
2f7i 7.0969
1y2g 4.0804
1xpz 7.0757
1vj6 5.0969
1zhl 5.0044
2b9a 8.0458
1w7x 8.3979
2ajl 7.8861
1yly 7.8239
1t4v 7.6778
2c3k 7.5850
1ysi 7.4437
1xn2 10.5229
1s50 7.2007
1x8j 6.9586
1tvo 6.8539
2etk 6.8239
2etr 6.8239
1w31 3.6021
1ws1 9.5528
2bok 6.5528
2a5s 6.6990
1w2k 6.4559
2b07 6.4318
1w0y 6.4202
2ax9 9.5229
1yys 6.3279
1yvm 6.3979
2ayr 9.2924
1yyr 6.2924
2ael 6.2924
2esm 6.2757
1wcq 6.2596
1ym1 6.2381
2b17 6.2076
2c3j 6.1811
1z71 9.1805
1x6u 3.2218
1x39 9.2218
1z1r 9.2218
1y1z 3.0804
1zxv 6.0969
1xgj 6.0000
2br6 2.9586
1yms 5.9208
2brm 5.8861
1x38 8.7696
1zp8 8.7696
1zdp 5.7447
1zyr 5.7447
1zoh 7.0000
1w2h 5.0000
2brb 4.8633
1x7a 7.8861
1z6f 4.8861
1xk9 6.8539
1xgi 4.8539
1ya4 4.8182
1y1m 1.8153
1wkm 0.8239
1v1j 4.8239
1y3w 5.7747
1x8t 7.7959
1ybg 4.7959
2afw 4.7696
2aou 7.7305
1wvj 6.7328
2adu 7.7447
1w4p 4.7447
2bvd 6.0000
2a14 5.6990
2erz 5.6576
1t31 8.6383
1z9g 5.6383
1ze8 7.6778
1wn6 4.6778
1y3v 5.6383
1y3y 5.6383
2azr 3.6383
2bo4 4.6091
1yqy 7.6198
1t5a 4.6198
2f6t 4.6198
1tx7 4.6021
1u65 7.5784
2ax6 7.5686
1w2g 4.5686
1y6q 11.6990
2bgn 5.6990
1z4n 4.5229
1z4o 4.5229
1u71 7.4815
1syi 5.4449
1vzq 7.4437
2a3c 4.4318
2aow 7.4179
2aox 7.4179
1t32 7.4202
1syh 6.4056
1z6d 2.3372
1zgi 5.3372
1y20 5.3188
1vyq 5.3028
1xn3 7.3979
1zoe 7.3979
1xnx 6.3809
1yfz 4.3468
1z6s 4.3372
1z1h 8.3979
1zpa 8.3979
2al5 8.3979
1w4q 5.2596
2b7f 7.3010
1rt9 10.2518
1y4z 7.2441
1yxd 5.3010
1t5f 4.2218
1xhy 6.1791
2c6o 8.2218
1w4o 5.2218
2afx 5.1487
2br1 5.1427
1yqj 8.1367
1zog 7.1549
1y3x 5.1358
1x8r 6.1249
1z95 7.1192
1y6r 10.1135
2exm 4.1079
2c3l 5.0665
1x1z 11.0555
2d06 4.0799
1yci 4.0809
2aov 7.0410
2bqv 8.0458
2bed 8.1549
2bu5 7.7825
1ym2 8.0000
1ym4 7.4089
2f4b 7.3010
2nsx 7.2007
2evo 7.1739
2bcd 10.2218
2ewp 7.1024
2fq6 7.1024
2g1y 7.0458
2h03 7.0458
2gm1 7.0000
2hha 6.9136
2axi 6.8539
2iw6 6.8539
2ath 6.8182
2f3e 6.8069
2f3f 6.7212
2ie4 10.0000
2etm 6.6737
1zeo 6.6778
2c5n 6.6576
2h96 6.6383
2gtk 6.6003
1zpc 6.5952
2c5x 6.6021
2c5y 6.6021
2gg2 6.6021
2gg5 6.6021
2cv3 6.5686
2evc 6.5376
2ggx 3.4949
2h02 6.4949
2auz 9.4559
2fyv 3.5229
2gz7 6.5229
2bdj 9.3468
2f2c 6.3468
2a4l 6.3979
2fda 6.2993
2aux 9.3010
2hai 6.2757
1ykr 6.2518
2fix 6.2441
2gg3 6.2366
2f3r 6.3010
2i5j 6.3010
2evm 6.1593
2g6p 6.2218
2ccu 6.1308
2fde 9.1549
2ewy 6.1549
2gfs 6.1549
1zpb 6.0706
2c6e 9.0969
2fum 6.0969
2ggu 3.0269
2fes 9.0088
2c0o 5.9136
2g01 5.9136
2ew5 5.9031
2aa9 2.9208
2aay 2.9208
2cm8 5.8697
2feq 8.8570
1ztq 8.8861
2j9a 5.8861
1yw7 5.8539
2g19 5.8539
2i40 5.8013
2ckm 8.8239
2giu 8.8239
2nq6 5.8239
2cmc 5.7570
2gg7 5.7570
2cne 8.7696
2j7x 8.7696
2gg0 5.7696
2h44 5.7696
2anm 8.7447
2ew6 4.9666
2f1b 3.0000
2brp 4.0000
2c8y 4.0000
2iw8 6.9872
2fme 6.9830
1yw8 8.0000
2ama 8.0000
2cng 6.9586
2igy 6.9469
2hny 5.9337
2gga 1.9586
2irz 7.9208
2c93 4.9208
2ggb 4.9208
1zd5 4.8729
2cgu 4.8729
2f3k 7.8861
2j50 7.8861
2fjm 6.8477
2gnh 6.8268
2j87 4.8539
2cgx 4.8069
2bdl 7.8239
2euf 7.8239
2i0v 6.7959
2ggd 3.7959
2chz 7.7959
2cgw 4.7620
2bdy 7.7696
2chw 4.7696
2azc 6.7375
2cma 6.7328
2chx 7.7447
2b7a 9.0000
2am1 6.0000
2fl2 8.6990
2ccs 5.6990
2gpp 5.6990
2hwh 5.6990
2bb7 5.6696
2gni 5.6421
2i47 8.6576
2f4j 5.6576
2h42 8.6198
1yy4 8.5986
2fky 8.5850
2iit 8.5850
1yye 8.5686
2h8h 8.5686
2nq7 5.5376
2a2x 7.6946
2fwy 6.6990
2is0 6.6990
1zaf 7.6990
2c4f 7.6990
2g1r 7.6990
2ica 7.6990
2cm7 6.6778
2bve 3.6676
2cni 7.6778
2g0h 7.6440
2c8x 6.6576
2az9 7.6576
2fj0 7.6576
2nyr 4.6576
2exc 6.6289
2bkt 7.6383
2cnf 6.6198
2i0y 7.6198
2i1m 7.6198
1zd4 3.5969
2gg8 4.6021
2cgv 4.5638
2cmf 7.5528
2hwi 5.5229
2gc8 5.5086
2cn8 5.4559
2fie 5.4559
2gg9 5.4559
2c8w 8.4318
2am9 8.4089
1zom 7.5229
2c6c 7.5229
2bua 4.5229
2c90 3.4815
2c9t 7.4815
2bks 7.4318
2fl6 7.4202
2fjn 7.4089
2b1p 8.5229
2hfp 8.5229
2gcd 5.5229
2gz8 5.5229
2fjp 8.3665
2dq7 8.3188
2fdd 8.3188
2ddf 7.3872
2c6g 3.3686
2np8 7.3768
2g1q 7.3565
2g9x 7.3468
2dxs 7.3372
2hk5 7.3372
2ank 7.3251
2boi 4.3188
2g24 5.3979
2chm 8.2596
2aq7 3.3010
2aqb 3.3010
2hd1 3.3010
2a0c 7.3010
2fwz 7.3010
2g0g 6.2907
2igx 7.2676
2gnl 7.2366
2cnh 7.2291
2gv2 8.3010
2c5o 5.1871
2iiv 8.1805
2bv4 3.2218
2fv9 7.2218
2j83 4.2147
2azb 7.1938
2cmb 7.1871
2j4z 7.1871
2a8h 7.1739
2az8 8.2218
2gnf 5.2218
2gnj 5.2218
2d1x 5.1024
2alv 4.1549
2f1a 3.1427
2gmx 7.1135
2b1z 7.1024
2ayp 8.1549
2bkz 8.1549
2go4 5.1549
2i7c 5.0706
2iw9 8.0506
2f18 4.0969
2auc 4.0757
2aei 7.0655
2hiw 8.0969
2am2 5.0969
2cct 5.0223
2i1r 5.0132
2bub 7.0458
2i0h 8.0458
2f34 6.8861
2c94 6.8239
2fb8 9.7959
2ceo 10.0000
2gh7 13.0000
2iwx 6.6778
2ews 6.6198
2euk 6.6021
2fgh 6.5528
2h21 6.5376
2eum 6.6990
2evl 6.6990
2cgf 6.4089
2iws 6.3565
2c9d 6.3188
2izx 9.3979
2hdx 6.2596
2f14 9.1938
2fgu 9.1805
1zc9 3.2218
2c97 6.1427
2cvd 6.0969
2ivz 6.0362
2ce9 6.0315
2df6 5.9788
2j79 5.9586
2fkf 2.9208
2fw6 2.9208
2fwp 2.9208
2iwu 5.9208
2g83 5.9208
2g6q 5.8239
2boj 5.7696
2fl5 8.7447
2gfa 4.9830
2h2h 4.9788
2j7g 7.0000
2buv 4.0000
2flh 3.9747
2bmv 2.0000
2ewa 7.9393
2a5b 3.9318
2cbz 3.9281
2j77 4.8894
2foy 6.9208
2haw 4.9208
2clv 7.8794
2g2r 7.8861
2g97 6.8182
2hu6 3.8125
2o4n 7.8239
2gl0 4.8239
2ccc 7.7552
2fx9 7.7696
2b4l 4.7696
2o4p 10.7212
2ha4 2.6990
2fr3 8.6990
2c92 5.6757
2cbu 5.6778
2azm 5.6576
2bmk 5.6198
2fuu 5.5686
2c9b 5.5406
2idk 5.5376
2a8g 3.6882
2flu 7.6990
2fx7 7.6990
2hmv 7.6990
2hmw 7.6990
2hmu 7.6990
2cex 4.6990
2h23 4.6737
2fqw 6.6778
2aoj 4.6556
2j75 6.6478
2ca8 4.6576
2ha2 4.6576
2j7b 6.6198
2a5c 4.6198
2fsv 4.6021
2fqy 6.5686
2aof 4.5498
2fov 7.5528
2b4m 3.5302
2frd 4.5376
2g5u 8.4949
2cbv 5.4815
2hf8 5.4685
2f35 5.4045
2fx8 6.5200
2o4s 10.5086
2nm1 7.4685
2ccb 7.4466
2iko 5.4472
2o4k 10.4559
2h9m 4.4559
2aoh 4.4401
2amt 4.4437
2cia 6.4318
2ha0 4.4318
2j78 6.4157
2ez5 5.5229
2h6b 5.3872
2h2j 5.3768
2h2d 5.3665
2fxv 5.3468
2h13 5.3468
2c80 5.3279
2ez7 4.3615
2ha7 3.3565
2j7f 6.3516
2fys 4.3565
2ha5 4.3372
2j7e 7.3188
2ha6 4.3188
2c1p 5.3979
2a4w 8.2924
2g96 4.2774
2ces 7.2518
2gph 5.3010
2gz2 5.2218
2f5t 5.1675
2o4l 9.2161
2ci9 7.2218
2fo4 7.2218
1yon 4.2147
2j7h 7.1871
2doo 7.1739
1zea 5.2218
2h6q 5.1079
2fr8 3.1549
2bba 7.1549
2fci 7.1549
2hmh 7.1549
2fqx 7.1487
2j7d 7.1308
2fgv 6.1192
2o9k 4.1135
2iku 7.1024
2il2 7.1024
2fxu 8.1549
2gtv 5.1549
2h6k 5.0605
2fou 7.0969
2hnx 7.0809
1zsh 7.0706
2ate 7.0655
2h5a 5.0969
2d0k 5.0218
2cet 8.0177
2cc7 8.0052
2fts 7.0458
2ha3 3.0315
2aoi 4.0146
2cf8 8.0969
2cf9 7.8239
2f0z 4.7696
2aoe 7.6198
2d1o 7.6990
2hh5 7.4949
2f7o 7.4437
2f81 10.5229
2fzz 10.5229
2f9u 7.3872
2i3h 7.3979
2i3i 7.3010
2a4g 7.1805
2a4q 7.1805
2bq6 10.1549
2bz6 7.0915
1zsf 9.9208
2d3u 6.9208
1zsr 9.8239
2b1i 6.8239
2d41 6.8239
2g00 9.7447
1z6e 9.7212
2i0g 9.7212
2b1g 6.6383
2d3z 6.6383
2f7p 6.6038
2hwg 3.5528
2jbj 9.6990
2f10 3.4815
2bzz 6.4318
2fqo 6.4318
2g94 9.5229
2gvj 9.5229
2hoc 9.5229
2f9b 6.5229
2h4g 6.5229
2aqu 9.3188
2jbk 6.3979
2aog 6.2757
2avv 9.2596
1w6h 9.3010
2fqt 6.1427
2g5t 9.0862
2i0d 12.0969
2ewb 6.0969
2i03 9.0000
2ien 9.0000
2fhy 5.9586
2h5i 8.8861
2idw 8.8861
2avo 8.8539
1yz3 8.8097
2b1v 5.7447
2flb 5.7447
2d2v 1.0000
2gvd 7.0000
2b1r 0.9957
2g8r 3.9872
2hds 2.0000
1ypg 8.0000
2anl 6.9586
2fpz 3.9586
2e1w 7.9586
2h5j 7.9066
2gvv 3.9031
1zfk 7.9208
2gbf 7.9208
2aoc 4.8861
2clx 4.8761
2gvz 6.8861
2c6n 6.8811
2gv7 7.8539
2a4r 7.8239
2j34 7.8239
2hb1 3.7959
2hd6 7.7959
2i19 7.7959
2ajd 10.7959
2dua 4.7696
2bmg 7.7447
2f94 6.7100
2fzc 2.7011
2hdr 1.7212
2j4i 9.0000
2f8g 8.6990
2avm 5.6990
2nw4 8.6757
2aod 5.6635
2an5 5.6778
2c4v 2.6021
2i0j 8.5719
2iuz 5.5528
2bvr 3.6990
2fx6 3.6990
2c4w 4.6990
2dw7 4.6990
2cn0 7.6576
2fzk 3.6021
2fs8 7.6021
2fxr 7.6021
2gsu 3.5850
2b1q 1.5850
2fdp 7.5850
2avs 7.5686
2i3v 6.5498
2f1g 7.5376
2b7d 8.6990
2bvx 8.6990
2i0e 8.6990
2i3z 8.6990
2f2h 5.6990
2ajb 5.5031
2ieo 8.4949
2ihq 8.4949
2h4k 5.4949
2ioa 5.4949
2hs1 8.4815
2aez 2.4559
2g5p 8.4202
2j47 5.4089
1zfq 7.5229
2c57 3.4318
2ivu 6.4260
2isw 7.4318
2isv 7.4318
2cmo 6.4045
2boh 8.5229
2bqw 8.5229
2bxt 8.5229
2fs9 8.5229
2fvd 8.5229
2gbi 8.5229
2hb3 11.3468
2hs2 8.3098
2hdq 1.3979
1y3g 7.3979
2j9h 3.3872
2hzy 7.3872
2avq 4.3872
2fzg 3.3768
2aw1 7.3665
2gv6 7.3372
2j2u 7.3279
2i0a 11.3979
2i80 5.3979
2cbj 8.2676
1zge 7.3010
2aq9 7.3010
2ceq 7.2757
1zky 6.2518
2gbg 7.2518
2fai 6.2441
2gmk 3.2291
2hdu 2.3010
2ff1 8.2076
2ff2 8.2076
2h5d 8.1938
2h65 8.1871
2f80 8.1805
2g63 8.1739
2hnc 7.2218
2aj8 6.1952
2g8n 7.2007
1z9y 7.1871
2cji 8.2218
2hxm 5.2218
1zs0 6.1549
2bxu 7.1549
1yp9 5.1135
2d1n 8.1549
2fm2 8.1549
2bvs 4.0969
2f9k 7.0660
2bq7 7.0506
1ype 8.0969
1w7g 5.0969
2c02 4.0362
1ypj 7.0223
2in6 7.6383
2j4a 10.6021
2io6 7.5229
2uzn 7.5229
2obj 7.3010
2hwp 7.1367
2duv 7.0605
2hwo 6.8996
2p3g 6.8996
2uzb 6.9208
2r9s 6.8239
2jdt 6.7696
2uzd 6.7447
2rjp 7.0000
2va7 6.6990
2of2 6.6778
2jdo 6.6383
2pgj 3.5850
2pgl 3.5850
2uw6 6.5528
3b8z 6.5376
1vsn 9.6990
2ofv 9.6990
2gdo 9.4949
2o64 6.4685
2ohv 6.4559
2fw3 6.4202
2oj9 6.4089
2hog 9.5229
2q6b 9.5229
2off 6.5229
2owb 6.3565
2qpj 6.3468
2uyi 6.3188
2v10 9.3979
2og8 9.3010
2uzl 6.2147
2gmv 6.2007
2p98 6.1938
2hy0 9.1871
2o65 6.1871
2ozr 9.1739
2va6 6.1739
2e99 6.1612
2v0z 9.2218
3b2w 9.2218
2uue 6.1308
2o63 6.1079
2g9r 6.0757
2g9u 6.0757
2q1j 9.0969
2pzi 6.0969
2e9a 6.0410
2o48 6.0132
2i6a 9.0458
2v12 9.0458
2r0u 9.0000
2p99 5.9355
2e9c 5.9586
2o3p 5.9586
2o7v 5.9586
2g9v 5.9172
2uzv 5.8665
2e9d 5.8861
2jbl 5.8861
2ooh 5.8861
2ork 2.8539
2ghg 8.8239
2r9m 8.8239
2qe5 5.7852
2q2y 8.7959
2q7m 8.7959
2p3o 2.7696
2pg2 5.7696
2veu 7.0000
2ohr 4.0000
2qcg 4.0000
2p4i 8.0000
2qcn 5.0000
2gh6 4.9512
2ieh 6.9586
2ojf 6.9586
2hiz 6.9508
2e2b 7.9586
2oah 7.9586
2p83 7.9586
2qk8 7.9136
2q1l 7.9066
2hxl 7.9208
2qd9 7.8861
2hxq 6.8416
2gfj 3.8239
2ou7 3.8097
2o5k 7.8239
2o7n 7.8239
3bi6 7.8239
2hb9 4.8239
2ilp 4.8239
2q6c 7.7773
2oph 7.7959
2hyy 6.7696
2osc 7.7696
2qe2 7.7696
2vex 6.7447
2oh0 7.7447
2uw7 7.7447
2pjl 6.7212
2iok 9.0000
2ofu 9.0000
2oo8 9.0000
2ow1 9.0000
2r6n 9.0000
2rgu 9.0000
2q72 2.6799
2q2z 8.6990
2v0c 5.6778
2r3c 5.6576
2qt9 8.6383
2gu8 8.5850
2j2i 6.6990
2ow0 6.6968
2qoh 7.6990
2uw0 7.6990
2h9t 4.6990
2jc0 4.6990
2rcu 6.6778
2p8s 7.6778
2vcj 7.6778
2vci 7.6778
2oq6 3.6021
2q6h 3.6021
2qch 3.6021
2qoe 7.6021
2jaj 4.6021
2ohq 4.6021
2ph6 7.5686
2uzo 4.5686
2hvx 7.5376
2hm1 8.6990
2ovx 8.6990
2uym 5.5086
2nww 5.4815
2ds1 8.4685
2oh4 8.4559
2vev 6.5229
2ow9 7.5229
2gfk 4.5229
2h1h 4.5229
2ohm 3.5086
2gj4 6.4962
2uw5 7.5086
2qcf 3.4949
2fvc 7.4949
2hz0 6.4815
2nqg 6.4776
2hz4 5.4653
2pzy 7.4685
2p2i 7.4202
2poq 4.4202
2gd8 7.4089
2v11 8.5229
2ohu 5.3768
2vd7 5.3768
2gqn 5.3468
2qtb 8.3188
2jbu 3.3979
2q8i 3.3979
2qcd 3.3979
2o9i 7.3979
2ohs 4.3979
2gm9 7.3872
2hzn 7.3872
2q9n 6.3665
2pvv 3.3585
2vey 7.3665
2qcm 3.3468
2uze 4.3279
2oic 8.3979
2pe2 8.3979
2uw4 5.2840
2os9 2.2441
2gde 8.2441
2pix 4.3010
2p33 7.2441
2r8q 3.2366
3biz 7.2366
2iqg 8.3010
2nv7 8.3010
2pe1 8.3010
2rfn 8.3010
2p9a 5.1831
2imb 4.2218
2q9m 7.2076
2vew 7.1938
2p2h 7.1675
2ow2 8.2218
2i5f 5.1249
2hzi 7.1549
2p8h 7.1487
3bcn 7.1178
2uw8 4.1135
2nqi 6.1057
2ywp 8.1549
2o5d 5.1549
2ooz 5.1549
2jbo 8.0706
2jbp 8.0706
2pe0 7.0969
2qju 4.0969
2uw3 4.0969
2of4 7.0915
2ogz 7.0757
2va5 4.0655
2q8g 7.0605
2iog 8.0969
2oht 5.0410
2or4 5.0223
2pcu 3.0410
2ohp 4.0269
2no3 8.0458
2z60 8.0458
2v7a 8.3010
2e7l 7.5376
2gek 7.5229
2nnv 7.5229
2uxi 7.3010
2pl0 7.2076
2r5d 10.1549
2v8w 6.8239
2jdu 6.7212
2c1q 13.0000
2p0d 7.0000
2v00 3.6576
2gej 6.6383
2oi3 6.6383
2jdp 6.6021
2jbv 3.5376
2jdk 6.5376
2py4 6.6990
2jdh 6.5086
2qki 6.4089
2nn7 6.5229
2pfy 6.5229
2qqs 6.3979
2hkf 6.3768
2qpq 6.3665
2e27 9.3468
2nno 6.3979
2gfd 6.2840
2nxl 6.2676
2jnw 6.1079
2qx0 6.1079
2e7f 6.1024
2p8n 3.1549
2j3q 6.1549
2pze 6.0757
2fxs 6.0605
2nnd 6.0605
2nns 6.0458
2r7g 6.0458
2hug 5.9747
2z5o 6.0000
2joa 5.9586
2peh 5.9586
2pv2 5.9101
2oqs 5.8861
2ph9 5.8861
2qm7 5.8861
2nn1 5.8239
2itt 8.7696
2pgz 5.7447
2v25 5.7212
2j6m 7.9626
2q8y 3.9914
2odd 3.9610
2r58 2.0000
2oiq 5.0000
2itp 7.9469
2g78 6.9208
2g79 6.9208
2ito 6.9080
2oei 3.9066
2vhj 3.9031
2pk6 10.8861
2vhq 3.8539
2j4k 4.8539
2o9a 3.8063
2jup 3.8069
2jg0 7.8239
2nsj 4.7878
2clk 3.7852
2jsd 7.7696
2qm9 7.7696
2dwx 3.7447
2ov4 4.7447
2uxu 4.7447
2i4z 5.7038
2i4p 5.7038
2q8h 3.0000
2v3u 3.0000
2gh9 6.0000
2uyq 5.6778
2z5s 5.6576
2nxd 5.6576
2z5t 5.6198
2r5a 2.6021
2r5b 8.6021
2itz 8.5850
2jdn 5.5560
2nmx 5.5686
2nsl 4.6799
2pk5 10.6990
2j9n 4.6990
2v5x 6.6576
2pem 3.6383
2v87 4.6003
2vba 4.6021
2vb8 4.6021
2nn8 3.5850
2hzl 6.5686
2rly 3.5686
2hrm 3.5552
2cle 3.5528
2clm 3.5528
2clf 3.5528
2o9v 3.5406
3b50 7.5528
2uyn 2.6990
2nwl 8.6990
2oi9 5.6990
2o3z 5.6990
2r0z 5.4685
2isc 8.4202
2jdm 5.4023
2ntf 6.5229
2opy 4.5229
2puy 4.5229
2ra6 4.5229
2ogy 4.4789
2jq9 4.4763
2v83 4.4711
2v86 4.4609
2v85 4.4609
2hj4 5.3675
2qhd 5.3768
2nng 5.3565
2uwd 8.3468
2gj5 8.3242
2hjb 4.3947
2jqk 3.3958
2jdy 4.3675
2p09 6.3468
2iv9 4.3372
2p0x 6.3063
2igw 1.3098
2v95 8.3010
2pv3 5.2541
2e2r 8.2596
2h5e 8.2518
2igv 2.2291
2oi2 6.3010
2p15 10.3010
2cli 4.3010
2cll 4.3010
2jo9 4.2832
2ity 7.2716
2pql 7.2757
2imd 8.3010
2q7q 5.3010
2o1v 5.3010
2nxm 5.1938
2i4j 6.1644
2i6b 7.1675
2qbx 5.2218
2hqu 5.1427
2ovq 7.1549
2pv1 7.1367
2jf4 8.1549
2r05 5.1549
2r03 5.1549
2v88 4.0857
2clh 4.0575
2clo 4.0575
2r02 5.0969
2jmj 5.0410
2ohl 3.0458
2rm0 4.0269
2i2c 4.6990
2ftd 10.3872
2o4j 10.0969
2p16 10.0969
2uvm 7.0969
3bgp 7.0410
2iu0 6.8861
2oxd 6.8239
2ot1 4.0000
2oxx 6.6990
2j4g 6.6021
2jj3 9.5528
2pog 9.5376
2nt7 6.5229
2oxy 6.5229
2oz5 6.4815
2j27 3.5229
2v3e 6.5229
2p95 9.3665
2z4b 9.3565
2op3 6.3098
2o4r 9.3979
2g9q 6.3979
2o2u 6.3979
2qtu 9.2757
2ok1 6.2596
3bgz 6.2596
2yxj 9.3010
2oyl 6.3010
2v0n 6.3010
2p94 9.1739
2o7e 6.2218
2p2a 6.1249
2z9g 6.1549
2flr 6.0969
2ql9 9.0269
2q54 9.0088
2hw2 2.9706
2on3 9.0000
2p4j 8.9586
2onz 8.8861
2eg7 5.8861
2qlb 5.8861
2obf 8.8539
2qlf 8.8539
2oc7 5.8539
2pu1 5.8539
2z94 5.8539
2hvc 8.8239
2p93 8.8239
3b7i 5.8239
2uz6 8.7696
2psx 5.7696
2opb 8.7447
2uz9 5.7077
2i4x 11.7212
2hob 5.7212
2qrl 4.0000
3b3c 3.9788
2hah 8.0000
3b92 8.0000
2oym 5.0000
2qe4 7.9586
2v3d 3.9355
2oc9 7.9586
2p3a 7.9586
2q15 7.9586
3bgq 7.9586
2o9j 6.9208
2oa0 6.9208
2cem 7.9208
2ovv 7.9208
2jnp 6.8861
2ovz 7.8861
2fle 7.8539
2oz7 7.8539
2p8o 4.8539
2uwp 6.8125
2f9v 7.8239
2oc0 7.8239
2pu0 7.8239
2jal 4.8239
2pwg 4.8239
2nta 4.7959
2on6 6.7645
2iyf 3.7513
2g70 7.7696
2jh6 7.7696
1vso 4.7217
2p3d 6.7447
2e2p 4.7447
2i4t 9.0000
2rcx 9.0000
2q55 8.6904
2i4d 11.6778
2oax 8.6513
2op9 5.6576
2ojg 5.6383
2cej 8.6198
2i4w 11.5850
2r5q 8.5686
2i4u 11.5686
2np9 5.5686
2onb 5.5686
2itk 7.6904
2jew 6.6861
2psj 7.6990
2fu8 4.6990
2ony 6.6778
2za3 3.6778
2h15 5.6706
2o9r 1.6778
2uy4 4.6778
2hl4 7.6383
2z3h 4.6383
2it4 1.6180
2vfz 3.6108
2p3c 7.6198
2psu 7.6198
2ihj 4.5901
3b3x 3.6021
2gvf 7.6021
2o8h 7.6021
2q80 4.6021
2jiw 4.5850
2r9b 6.5670
3b3s 2.5528
2oi0 7.5528
2v96 4.5376
2jh0 8.6990
2nnq 8.6990
2oaz 8.6990
2ojj 8.6990
2uwo 8.6990
2oqi 8.4949
2o0u 5.4949
2uy5 5.4949
2p3b 8.4815
2r5p 8.4815
2oag 8.4685
2i2b 2.4437
2ima 6.5229
2o4h 6.5229
2eg8 4.4976
2g72 6.5017
2cfd 7.4949
2hhn 7.4949
2r2w 4.4685
2g71 7.4559
2p53 7.4559
2jh5 6.4353
2cfg 7.4437
2oxn 7.4437
2i72 7.4318
2pou 7.4202
2oc2 8.5229
2qu6 8.5229
2nnk 8.3665
2nnp 8.3665
2nmy 8.3665
2nmz 8.3665
2glm 5.3665
2oc1 5.3665
2qlj 5.3565
2gkl 5.3468
2j62 11.3372
2pwd 4.3979
2j95 8.3979
2ovy 8.3979
2oqv 8.3979
2uwl 8.3979
2pbw 8.2549
2qft 5.2596
2jfz 5.2366
2nwn 6.3010
2uxx 3.3010
2j94 6.2725
2ql7 6.2596
2qzr 7.2596
2qrk 4.2596
2o4z 6.2472
2obo 7.2441
2psv 7.2366
2q38 5.2255
2cen 8.3010
2q5k 11.3010
2oyk 5.3010
2jds 8.2007
2jdv 8.2007
2i4v 11.2007
2qdt 5.1871
2uy3 3.2218
2h6t 7.2218
2q3z 7.2218
2pow 7.2007
3b3w 4.1871
2qfu 4.1805
2o22 7.1739
2v2q 4.1475
2pov 7.1249
2q1q 8.1549
2q70 8.0809
2qu5 8.0605
2z1w 4.0809
2v2v 4.0665
2oc4 7.0655
2oji 7.0655
2jfh 3.0605
2ql5 8.0969
2glp 5.0132
2q11 6.0458
2q8m 4.0269
3bea 8.1549
2ow7 4.8539
3bel 7.8539
2vv9 7.7696
2vcx 7.6778
3ctj 7.4559
3d4q 10.5229
2r64 7.5229
2rgp 7.5229
2w3l 7.5229
3bmy 7.5229
3c1x 7.3468
3cp9 7.3188
2rc9 7.3979
2vwx 7.3979
3dog 7.3979
3br9 7.2076
3d7h 10.2218
2r7b 7.2218
3ddp 7.1427
2vwy 7.0458
3dct 6.9508
3bjc 6.9586
3cth 6.9586
3bi1 9.9208
3cwe 6.9208
3ej1 6.9208
2vd1 6.8601
3f5p 6.8539
2vgp 6.8539
3e7b 9.7959
2q8s 6.7328
3bm9 6.7212
3e7a 10.0000
2qc6 7.0000
3di6 7.0000
3c45 9.6778
3ddq 6.6778
2vx1 6.6576
3eoc 6.6383
2vww 6.6198
3drp 9.6990
2vwu 6.4559
2jdl 9.4318
2q94 6.4318
2z7r 9.5229
2rc8 6.5229
3c10 6.5229
3bv2 9.3565
3eid 6.3468
3bv3 9.3372
3el7 6.3188
3e2m 9.3979
3drr 9.3979
2q93 6.2518
2qyn 6.2441
2qu3 6.2291
3b8q 9.3010
3bys 9.3010
3d7f 9.3010
3drs 9.3010
2w4i 6.3010
2qyl 6.1871
3dwb 6.1871
3b8r 9.2218
2ze1 6.2218
2z4y 6.1487
3db6 6.1367
2vwz 6.1002
3bhx 9.1549
2zdz 6.1549
3byu 9.0969
3ds6 9.0969
2vcq 6.0362
2qa8 6.0044
3f66 6.0458
2q92 5.9586
2q96 5.9208
3c6u 8.8697
2viq 5.8861
2rib 2.8239
2r4f 8.8239
3bz3 8.8239
2vtr 5.8239
3bet 5.8239
3dpd 5.7799
2vcg 5.7721
3cs8 5.7696
2z4z 5.7305
3ce3 8.7447
2viy 5.7447
2pjc 8.7212
2vtj 5.7212
3c4f 5.7212
2r3k 7.0000
2r3l 7.0000
3c4e 4.0000
2uup 3.9788
2r3j 8.0000
2r3m 8.0000
3dej 8.0000
3fc1 8.0000
3bh8 7.9508
3bpr 4.9469
2rjr 1.9355
2vd0 4.9355
3bh9 6.9322
2zva 7.9586
2pks 4.9586
3ccn 6.9208
3e7o 6.9208
2vth 3.9208
2vte 3.9136
3dy6 6.8996
2pj9 7.9208
2pj2 7.9208
3chd 4.9208
2zas 7.8570
3dda 3.8761
2onc 7.8861
2pj4 7.8861
2vj6 7.8861
2vto 6.8539
2vtq 6.8539
3deh 6.8268
3bi0 7.8539
3cib 7.8539
3d7d 7.8539
3cqu 6.8210
3eqb 1.8239
2pj5 7.8239
3c4c 6.7959
2vo7 6.7747
2ea2 7.7959
2vwv 4.7959
2jkm 7.7506
2piz 6.7696
2uuo 3.7696
2pj7 7.7696
3chs 7.7696
3d7g 7.7696
2qn1 4.7696
2ph8 5.7447
2vj9 6.7447
2vta 3.7328
2pj8 7.7447
2vd4 4.7447
2pjb 7.7212
2zjf 7.7212
3c43 7.7212
2vin 3.0000
2vtm 3.0000
2r2l 9.0000
2w05 9.0000
2qh6 6.0000
2r3i 6.0000
3f69 6.0000
2k31 8.6990
3c6t 8.6757
2pja 8.6576
2rg6 8.6576
3cjo 8.6576
3dt1 8.6198
2qnx 5.6198
3bqn 8.6021
3cbp 5.6021
2z52 5.5702
2zlg 5.5850
2ria 2.5686
2qo1 5.5686
3daj 5.5376
3f07 5.5376
2e9o 7.6990
2piy 7.6990
3chq 7.6990
2r3h 4.6990
3c7q 7.6778
3c72 4.6440
2zm1 6.6576
3eio 6.6517
2pre 6.6478
3d14 7.6576
2qlq 6.6271
3eyl 6.6021
2zp0 7.6021
3el8 7.6021
2v13 7.5850
3cgf 6.5686
3cm7 6.5686
2qzk 7.5686
3dek 7.5686
3cho 6.5528
2qn2 4.5528
2ow6 2.6990
2vnn 8.6990
2w17 8.6990
3be2 8.6990
3cn0 5.5114
2rg5 8.5086
2qyk 5.4815
3bhb 8.4685
3bx5 8.4559
2rf2 8.4437
2qu2 5.4318
2qnz 5.4202
2vts 7.5229
2zmj 7.5229
3e01 7.5229
3ccb 4.5229
2zlf 4.5086
3d4l 7.4949
2vie 7.4815
3bsc 4.4815
2pt9 4.4559
2vqj 6.4353
3dm6 7.4318
3bgm 7.4145
2ow3 8.5229
2qmf 8.5229
2vaq 8.5229
2vnm 8.5229
2vtp 8.5229
3cic 8.5229
3dcv 8.5229
3dya 8.5229
3cgo 5.5229
2v22 5.3872
3chf 5.3665
2qaf 5.3565
3bgl 8.3468
2qve 2.3188
3eql 5.3019
3e62 4.3883
2vj7 7.3979
3ctq 7.3979
3ddu 7.3979
3dei 7.3979
2vio 4.3979
2ei6 7.3872
3cqw 7.3768
3dbd 7.3768
2vtt 7.3565
2vrx 7.3468
2ea4 7.3372
2vu3 7.3279
2pj6 7.3098
2rl5 8.3979
3bl7 8.3979
3efw 8.3979
3ekn 8.3979
3elj 5.3002
2rku 8.3010
3che 5.2924
2vip 5.2840
2rjs 2.2757
2qq7 5.2434
2vvt 5.2366
2r3f 6.3010
2vgo 6.3010
3ch9 3.3010
2viv 6.2840
3chp 5.2676
3d27 4.2541
3cj3 4.2441
2qmd 8.3010
3bc5 8.3010
3cid 8.3010
2vj1 5.3010
3b9s 5.3010
2jkk 8.2048
2e9n 8.2076
2vvo 2.2007
3cjf 8.2007
3dcr 8.2007
2pmn 5.2007
3c5u 8.1938
2pj3 8.1805
3eht 5.1675
2r3o 6.2218
2viz 6.2182
3cy2 7.2218
3chr 7.2147
2zdx 3.1884
2rip 7.1871
3ee2 4.1871
2vti 6.1805
2r4b 7.1805
3bl9 7.1805
3ecn 3.1561
2qzx 8.2218
2v16 8.2218
3bym 8.2218
3bki 5.1192
2jko 8.1135
2jkq 8.1135
2r3n 7.1549
2viw 7.1427
3dbs 7.1249
2zof 8.1549
3byo 8.1549
2pj0 8.0915
3ens 8.0506
2r3g 6.0969
2vle 7.0969
2qiq 4.0969
3chc 4.0915
2w06 7.0809
2vtn 6.0706
2vtd 4.0706
2pjt 6.0655
2vcw 3.0506
2qk5 8.0969
2qp8 8.0969
2qzl 8.0969
3ccc 8.0969
2zdt 8.0177
2pj1 8.0132
2r3p 6.0458
3ddb 4.0223
2vqm 6.0097
2vtl 4.0132
2qhn 6.0088
3db8 7.0044
2jjk 8.0458
2zv9 8.0458
3cd8 8.0458
2z8e 8.0000
2q2a 7.4089
2rkn 7.2218
3e64 7.1079
2vt3 4.1549
3c49 7.1549
2zmd 7.0088
3exe 6.9586
3cow 6.9031
3bu8 6.9208
2vpn 6.7212
3bxz 6.7212
3diw 6.7212
2uyw 13.0000
3dab 6.6778
2qky 9.6073
2jgs 6.6198
2vwc 6.6198
2qpu 3.6021
3bb1 3.6021
2p7z 6.5817
2p7g 6.5272
3d0b 6.5376
3exf 6.5376
3c7n 6.6990
3bva 6.5229
2jkt 6.5086
3cj4 6.5086
2phb 9.4949
3bum 6.4949
2p3i 3.4815
3cph 6.4815
3d2e 6.4202
2jql 6.5229
2w0p 6.5229
2q2c 6.3768
3c2o 3.3468
3cj5 6.3372
2zb1 6.3188
2pvu 6.3098
2vx0 6.2366
2w0s 3.3010
2jg8 6.3010
2or9 6.3010
2q89 6.3010
2vrj 6.3010
3ebl 6.3010
2zm3 6.2118
3bun 6.2147
2qbu 6.1904
3dxj 6.2218
3bti 6.1427
2p7a 6.1035
3c2r 3.1079
3ce0 6.1549
3dst 9.0809
2jkr 6.0706
3buo 6.0555
2z92 9.0969
3cii 6.0969
2vmd 3.0223
3coy 6.0177
3cfv 6.0458
3ckb 2.9830
3btl 5.9626
2rcn 6.0000
2z97 6.0000
2vmc 2.9393
3cfs 5.9586
2pmk 5.9208
3bim 5.8794
2k2r 2.8861
3bu6 5.8861
3eeb 5.8861
3buw 5.8268
3e5u 5.8539
2zju 5.8077
3e1r 5.8239
2q88 5.7959
3btc 5.7520
3d1e 5.7696
3eg6 5.7696
2vyt 2.7352
3eml 8.7447
3bzi 5.7447
2pqc 5.7447
3d1f 5.7447
2oz2 5.7144
3bt9 5.7100
3c2f 1.9957
3bxg 4.9594
3bbb 7.0000
2rin 4.0000
3chg 3.9914
2rnw 2.9784
3c39 3.9626
2r6f 8.0000
3c9e 8.0000
2jqi 5.0000
2vpe 4.9431
2vo4 4.9355
2eh8 7.9586
2jb6 10.9586
3cd5 7.8962
2vuk 3.9031
3exh 4.8827
2z6w 7.8729
3ccw 7.8697
3cd7 7.8447
3ds0 4.8268
2vmf 5.8539
2k4i 3.8447
3ck8 3.8356
3e6v 6.8327
3c84 7.8539
3cj2 4.8539
2jk9 6.8239
2pym 6.8239
3bl2 5.8013
3cyy 4.7747
2rcb 6.7878
2r1x 4.7959
2zpk 7.7570
3cpj 4.7235
2w68 4.7447
2r23 3.7212
2vfk 3.7122
3d9k 4.7212
3f9w 4.7212
3bze 6.0000
3ds1 5.6990
2k0x 5.6778
3b5j 5.6778
3f17 8.6271
3bux 5.6271
2qry 8.6383
2reg 5.6383
3btj 5.6198
3c6w 5.6198
2jst 2.5850
3bex 5.5686
3coz 5.5686
3bxf 5.5421
2rio 4.6904
3bra 2.6990
2emt 6.6968
3clp 3.6880
3f3e 7.6990
2k62 4.6990
2qfo 4.6990
3ew2 6.6676
2rny 3.6615
2qv7 3.6596
3f8c 7.6778
3fat 7.6421
3ery 5.6576
3buh 3.6576
3cf1 6.6383
3f8f 6.6271
2z4r 7.6198
2k00 4.6198
3cwk 6.6021
2pyy 4.6021
2r1w 4.6021
3d7k 4.6021
3cda 7.5800
2k46 4.5800
3cd0 7.5702
2v7d 6.5850
3cct 7.5622
2jiu 7.5591
2pyn 7.5686
3b2q 4.5528
3d9p 4.5376
3brn 8.6990
2zbk 5.6990
3c4h 5.6990
3eks 5.6990
2q64 8.5229
3c1n 5.5045
2qtr 5.4949
3bvb 5.4949
3bxe 5.4763
2qic 5.4815
2zkj 5.4815
3d2r 5.4815
2vc9 8.4437
2vpo 5.4202
3bzf 4.5229
2r0h 3.5086
2r1y 4.5086
3f9y 4.4949
3d9m 3.4815
3d32 6.4510
2zit 4.4559
3b82 4.4318
2qtn 3.4179
2zdm 6.4134
3f18 7.4034
3bf1 2.5229
2vw5 8.5229
2vnf 5.5229
3b4p 5.3979
3f6e 2.3830
2zdl 6.3958
2rnx 3.3958
2qhr 7.3872
3c3r 4.3872
2pr9 7.3747
2zdk 6.3686
3dp4 7.3665
2zif 4.3665
3c3o 4.3565
3feg 4.3468
3c3q 4.3188
3bbf 5.2840
3coj 5.2840
2oz6 5.2596
2vcb 5.2596
2k3w 5.2366
3f16 8.2284
2vvn 7.3010
2q7y 4.3010
3ccz 7.2865
3f48 6.2907
3cr4 4.2757
2zdn 6.2503
2qbw 7.2518
3bjm 8.3010
3btr 5.3010
3ds3 5.2218
3b2t 5.2069
2pqj 8.1986
3blr 8.1938
2jb5 9.2218
3cyu 7.2218
3f80 4.2218
3f1a 7.2140
3b8h 4.1959
2pqb 7.2007
3c79 7.2007
3eov 7.2007
2r2b 4.2007
3ds4 4.1904
2pmc 4.1891
3cr5 4.1938
3f19 7.1864
2qhm 6.1805
3bug 3.1805
2q63 7.1805
2pl9 4.1713
2vxj 4.1675
3d9l 4.1675
3f3d 7.1612
2rfy 5.2218
3bu1 8.1487
2zjv 5.1391
2k2g 8.1249
3f15 8.1035
2pnx 5.1024
2r75 6.1463
3cgy 3.1457
3d2t 7.1249
3e6k 5.1549
2zg1 2.0969
2zg3 2.0605
3d62 6.0969
3buf 3.0969
3b78 4.0969
3ck7 4.0506
3d9n 4.0458
3bxh 4.0253
3dsu 7.0269
3eyf 7.0269
3cdb 7.0191
2qbp 8.3979
3e0p 7.9208
3c56 7.8861
2qi5 10.8539
2qi6 10.5686
2qi4 10.4437
2qbq 7.4437
2r38 7.4437
3ekr 7.5229
2p59 7.3010
3c52 7.3010
2qi7 10.2076
2qi3 10.2007
2qnn 7.1549
2r3w 6.8928
3bc3 6.8097
2rfh 6.8239
2zq0 6.8239
2v2h 3.7696
3e8r 9.7447
2qbs 6.6778
2za0 6.6383
2zb0 6.6198
2pwr 6.5850
2pvh 6.5850
2z4o 9.5686
2pwc 6.5686
3bm8 3.5376
2vh6 9.6990
3eko 6.6990
2p4s 9.5086
2r6y 9.4949
2qf6 6.4949
3blu 3.4559
2pvn 9.4559
3c1k 9.4437
2pvm 6.4437
2v2c 3.4089
2qnp 6.4089
2vw1 3.5229
3ckp 6.3478
2r6w 9.3565
2qbr 6.3279
2w26 9.3979
2zaz 6.3979
3b65 9.2676
2vw2 3.3010
2osm 6.2000
2qrp 6.2007
3bkl 6.1681
2ri9 3.2218
2qnq 6.1135
2qmg 9.1549
3d91 9.1549
3bh3 6.1549
2qd7 9.0969
2rkf 9.0809
3bkk 6.0809
2qd8 9.0706
3cke 6.0969
3bgb 6.0458
3d04 6.0458
2vqt 6.0000
2z7g 8.9469
2qhc 8.9586
3c2u 2.9031
2v6n 5.8601
3b67 8.8539
3e93 8.8539
2r3t 5.8539
3d1z 8.7959
3b5r 8.7696
3bqc 5.7328
2vkm 8.7447
3ckz 8.7212
2qg0 5.7212
2w54 6.9846
3cyx 8.0000
3e92 8.0000
3d1g 5.0000
2vi5 3.9586
2vjx 4.9586
3d67 4.9586
2e9v 7.9000
3cf8 4.8962
2uy0 6.9208
3bl0 6.9172
2qw1 3.9031
2q7o 7.9208
3d7z 7.9208
3f0r 6.8861
2zn7 7.8861
2vo5 4.8861
3d4z 4.8861
3cf9 4.8268
3ewj 6.8447
2osf 3.8297
1w12 7.8539
3dd8 7.8539
3efk 7.8539
2r9x 4.8539
2ra0 7.7986
3c88 6.8041
3d94 6.8041
3czv 7.7959
3fas 6.7670
2pyi 3.7471
3cyw 7.7696
3d50 4.7696
2zc9 6.7447
2zgx 6.7447
2jt5 7.7447
3b7u 7.7447
2qrh 4.7077
3b9g 4.7212
2rka 3.0000
2p4y 9.0000
2r43 6.0000
3ddg 6.0000
3bar 5.6990
2pqz 5.6676
2qd6 8.6778
2q8z 5.6778
2vr4 5.6778
3d1x 8.6576
2qlm 5.6383
3bl1 5.5986
3b66 8.6021
2qp6 6.6819
3b7r 7.6990
2ves 7.6990
1w0z 7.6778
3cs7 10.6778
2yz3 6.6576
3ddf 4.6576
3egk 4.6576
2rk8 3.6383
3dln 6.6038
2pvl 7.6198
3be9 7.6198
3cl2 7.5867
2jt6 7.6021
2zmm 7.6021
2v54 4.6021
3djk 10.5850
1w10 7.5528
1w13 8.6990
2vj8 8.6990
3bla 8.6990
3eqr 8.6990
3d4y 5.6990
2vh0 8.5086
3bmq 5.4949
2uxz 8.4815
2qo8 8.4685
2q6f 5.4437
2za5 8.4318
2qln 5.4318
3bft 6.4908
2qhy 7.4815
3cm2 6.4685
2q9y 4.4437
2pu2 4.4318
3bgs 9.4202
3efj 7.4089
1w14 8.5229
2qg2 5.3979
3d83 8.3565
2qn3 5.3565
3bv9 5.3565
3bc4 5.3468
3e9b 5.3468
2qci 8.3372
2qnb 5.3372
3ds9 7.3872
2qi0 7.3768
2vc7 3.3638
2vl1 1.3468
2pnc 3.3316
2vvs 7.3372
2r2m 7.3270
2z3z 4.3116
2qtt 4.3188
2vsl 8.3979
2zda 8.3979
3b68 8.3979
3d0e 8.3979
3ckr 5.3009
3dyo 2.3010
3bmo 5.2676
3cen 8.2596
3e16 5.2381
3e5a 8.2291
2qi1 7.3010
3d52 3.2840
2qoa 7.2840
3bfu 6.2749
2qhz 7.2757
2ole 7.2503
2jkp 4.2291
2jke 4.2291
2pvk 8.3010
2rd6 8.3010
3d20 8.3010
2vk6 5.3010
3bcs 5.2147
2r59 8.1871
2qrg 5.1805
2zfp 5.1675
3b7j 5.1675
2epn 7.2218
2qmj 4.2076
3f3a 4.1884
3c8a 6.1805
2jk7 7.1739
3d3x 4.1612
1w11 8.2218
3d1y 8.2218
3d9v 8.2218
3b4f 8.1427
2pq9 8.1079
2e9u 8.1002
2qrq 5.1024
3bbt 6.1549
3d51 4.1549
2vot 7.1427
3c8b 6.1046
2rkg 8.0862
2qtg 5.0809
2v77 5.0605
2rke 4.0835
3cl0 7.0716
3c89 6.0731
2rk7 4.0506
2pvj 8.0969
2rcw 8.0969
3caj 8.0969
2r9w 5.0969
3bxs 5.0969
3bgc 5.0177
2vnt 8.0044
2qrm 4.0339
3f3c 6.0223
3dc2 3.0223
2vl4 6.0110
3emg 8.0458
3fz1 7.9208
3h59 7.8861
3g9e 7.7212
2w1c 8.0000
2wev 8.0000
3cvk 8.0000
3d5m 8.0000
3gur 8.0000
2wez 7.6383
3ii5 7.6198
3hmm 7.6021
3gxl 7.6021
3igv 7.6021
3ig6 7.6021
3hf6 7.5850
3fei 7.6990
3g8i 7.4202
3fyk 7.3979
3gyn 7.2147
3ff6 7.1549
3hp5 7.1549
3gol 7.0915
2w3k 10.0969
3fxv 7.0269
2w6n 6.9031
3jpv 6.9208
3du8 6.8356
3kvx 6.8297
3g42 6.8539
3fui 6.8041
3kb3 6.8239
3fv8 6.7959
3fun 6.7235
3hng 6.7447
2w3i 10.0000
3c7p 10.0000
3hd3 7.0000
2wf0 6.6778
2wtd 6.6778
3iej 6.6576
2wbd 6.6383
2wi6 6.6383
3kah 6.5850
3ej5 3.5686
3il6 6.5686
3g6z 9.6990
3i06 9.6990
3k3b 6.6990
2wtc 6.5086
2w6p 6.4776
2w71 6.4763
3hr1 9.4318
2waj 6.4001
2wmw 6.4089
3hqz 9.3768
3fr5 6.3468
3gw5 9.3279
3k48 6.3098
3g70 9.3979
3g3n 6.2924
2wo8 6.2840
2wqb 6.2676
3fqh 6.2441
3dv1 6.2291
3fr2 6.2291
2zv2 6.3010
3g1m 6.3010
3fr4 6.1871
3hp2 6.1675
3fnu 6.1612
3gc7 9.2218
3fej 6.1308
2wtj 6.1549
3fpd 6.1549
3eq7 9.0915
3kaf 6.0809
2wmx 6.0655
3hw1 3.0605
3fc2 9.0605
3eq8 9.0555
3g72 9.0969
3djf 6.0969
2wi5 6.0458
2w1d 6.0410
2wbb 6.0362
3jzb 9.0132
2zoq 6.0458
3ezv 5.9830
2woa 5.9393
3ft4 5.9318
3jzk 5.9101
2w1i 8.9208
3hyf 5.9208
3a4o 8.8861
3e0q 5.8861
3f9n 5.8861
3fci 5.8861
3dp0 5.8477
3k3g 2.8539
3d28 5.8539
3duy 5.8539
3dp2 5.8239
3doy 5.8182
3dp3 5.8182
2wi4 5.8069
3fzs 5.8239
3ftw 2.7773
3eyg 8.7959
3idp 8.7959
3il5 5.7959
2zvj 5.7447
3hj0 5.7077
3doz 5.7033
3k3i 5.7212
3fmr 7.9747
3fck 4.0000
3hy7 6.9747
3fu6 3.9747
3h2a 3.9630
3co9 8.0000
3cwj 8.0000
3ezr 5.0000
3fmq 7.9547
3hqy 7.9393
3hhm 7.9245
3jzq 6.9586
3ftv 2.9329
3e3b 7.9586
3fzr 7.9586
3hxf 4.9586
2w70 4.9208
3dgq 4.9208
3hha 7.8996
2w1e 7.9208
3fi3 7.9208
3fxz 6.8861
3h03 3.8697
2wf4 7.8861
3a29 7.8861
3e3u 7.8861
3f8s 7.8861
3i81 7.8861
3h3c 6.8539
3fu3 2.8407
3e51 7.8539
3eta 7.8539
2w6z 2.8239
2v5a 6.8239
3fue 2.8210
3dz6 7.8239
3ft5 4.8239
3h0v 4.8239
3fal 6.7825
3kba 7.7959
3kce 4.7959
3fum 3.7696
3et7 7.7696
3hy9 7.7696
3h23 4.7144
3gwu 4.7055
3h21 4.7033
2wf3 7.7212
3e8n 7.7212
3eka 3.0000
3i0s 9.0000
2w0d 8.6990
3ik3 8.6990
3iw4 8.6778
3jsi 8.6778
3ha6 5.6778
3f88 8.6383
3gwv 2.5952
2wgs 5.6021
2zis 8.5528
3g6g 8.5528
3kfc 8.5528
3fkt 5.5528
3jzc 8.5317
3hc8 8.5376
3ex2 3.6990
2who 7.6990
3eyh 7.6990
3dg8 4.6990
2w6m 4.6676
3fup 7.6635
3fhr 6.6778
3h2n 3.6724
3fts 3.6737
3h2m 3.6676
3hrb 7.6778
2w12 4.6536
3cde 7.6576
3d25 7.6576
3dv5 7.6576
3hv6 5.6383
3fuj 3.6308
2w0j 6.6198
3f7u 6.6091
3ftu 3.6073
2w7x 7.6198
3ewu 4.6198
3exo 4.6198
2w6q 4.5952
3h2o 4.5867
3ejs 6.6021
3eju 6.6021
3jzp 6.6021
2wcx 7.6021
3fi2 7.6021
3kfa 7.6021
2wf2 7.5850
3dtc 7.5850
2wu6 7.5346
3dga 4.5243
3h06 3.5346
3hvg 2.6990
2wf1 8.6990
3da6 8.6990
3hwn 8.6990
3d3p 8.5003
3gfe 8.4949
3h0b 5.4949
2wei 8.4685
3kl6 8.4559
3gs7 5.4437
2w6c 8.4089
3kai 5.4089
3ft8 7.5229
2vur 4.5229
3g4f 4.5229
3hv4 6.5086
3fcl 3.5017
3h26 4.4895
3fqa 0.4949
3fdn 7.4815
3f3w 7.4685
2wi2 3.4559
2wi3 3.4559
3gww 0.4498
3hqw 7.4559
3jzr 7.4437
3ex3 4.4437
3hfj 4.4437
2jle 6.4157
2wfg 4.4202
3igb 4.4202
2zzu 7.4089
3fq7 2.5229
2w1g 8.5229
3h5u 8.5229
3i0r 8.5229
3ia6 8.5229
3e37 5.3925
3dpk 8.3872
3fc8 5.3872
3hxb 5.3872
3hab 8.3768
3h0z 8.3665
3hxe 5.3279
3fcb 5.3098
3dz4 6.3979
3hdm 7.3979
3kf7 7.3979
3fcf 4.3979
3itu 4.3979
3ess 6.3862
3eq9 7.3872
3fqs 7.3872
3hhu 7.3872
2wmu 4.3768
3i7g 6.3665
3fw3 7.3665
2wot 7.3565
3ejt 7.3565
3ft2 7.3565
3ft3 7.3565
2wih 7.3468
3hv3 6.3279
3coh 8.3979
3gz9 8.3979
3k9x 8.3979
3hxc 5.2840
3dcq 5.2262
2w1f 8.2291
3hdz 7.2924
2w1h 7.2840
2wmr 4.2840
3fu0 2.2751
2wu7 6.2757
3fl8 7.2676
3dpe 7.2441
3dpf 7.2441
3f2a 7.2441
2wi7 7.2366
3fyj 8.3010
3g86 8.3010
3h5s 8.3010
3h98 8.3010
3jzf 5.3010
3jzi 5.3010
3k23 8.2007
2zir 8.1938
3g6h 8.1938
3kag 5.1805
3hac 8.1739
2w6o 4.2161
3h0w 6.2218
3hvc 6.2218
3fty 3.2083
3i7i 6.2076
2w0x 3.2041
2wo9 7.2076
3kab 3.2007
3fzt 6.1959
3hdn 7.2007
3ig7 7.2007
3f7b 7.1938
3f7z 7.1871
3igg 7.1772
3jsw 7.1805
2wuu 7.1630
3ewh 7.1612
3h0y 8.2218
3hhk 8.2218
3i28 8.2218
3dng 8.1308
3kad 5.1249
3h9o 7.1549
3dz2 4.1549
2wou 7.1427
3kac 3.1308
3fu5 4.1238
2wey 7.1192
3fl9 1.1124
3ewz 4.1024
3dz5 8.1549
3frz 8.1549
3h0e 8.1549
3i1y 8.1549
3fpm 5.0506
3f8w 4.0846
2wd1 7.0862
3h2f 4.0620
3jzs 8.0969
3h22 5.0969
2wmv 5.0362
3dp1 5.0035
2wti 7.0362
3gnv 7.0315
3hyg 7.0315
3hv5 7.0223
3fuk 3.0150
3hxd 5.0458
3dvp 5.0000
3ikc 7.4559
3csl 7.2218
3c8e 4.1549
3gws 10.0915
2wjg 7.0969
3g15 7.0000
3fsj 3.9469
3bwk 3.9431
2vk2 6.8861
3fzy 6.7447
3heg 6.7447
2w3o 6.7212
2w16 10.0000
3drf 7.0000
3drg 7.0000
3g2t 7.0000
3ie3 6.6778
3el1 9.6383
3eky 9.6383
3jvs 6.5376
3imy 9.6990
3bwj 6.4962
3d1v 3.4895
3dla 3.4559
3d7m 6.4437
3ffu 6.4437
3e8u 9.4202
3ekx 9.4089
3ekv 9.4089
2w73 6.5229
3g2v 6.5229
3hjo 6.5229
3hik 6.3516
3fvh 6.3497
3ed0 6.3468
2zx5 12.3288
3f33 3.3372
3hxi 6.3279
2w77 9.1871
3eu7 6.1805
3f35 3.1612
3f34 3.1612
3g2s 6.2218
2zym 6.1367
2kgi 6.1249
3gnw 9.1024
3e73 3.1549
3a3y 9.1549
2k7l 6.1549
2v58 9.0862
3iw5 6.0762
2w7y 6.0809
3ijy 6.0410
3esj 3.0339
3e12 5.9914
3dxm 6.0000
2kdh 2.9586
2w8j 2.9586
3img 2.9586
3i9g 8.9586
2weq 5.8962
2zyn 5.9208
3f36 2.8861
3ekp 8.8861
3ghe 5.8861
3h1x 5.8861
3fxb 5.8539
3h6z 5.8239
3iue 5.8239
3k8d 5.7696
3ivx 5.7447
3hrf 4.9872
2vr3 4.9788
2w47 4.9788
3ekw 7.9626
3ime 3.0000
2kfx 4.0000
3ijh 4.0000
3hv8 6.9821
2k0g 6.9706
3gkz 8.0000
3gvu 8.0000
3hx3 8.0000
2kbs 5.0000
2vxn 5.0000
3cfn 5.0000
3dow 4.9393
3imc 2.9586
2weh 5.9488
2weo 6.9281
3jvk 3.9281
3g5d 7.9586
3juq 4.9066
3cx9 4.8894
3fgc 3.9208
3gk4 3.9208
3evd 6.9066
3evc 6.9066
2wor 3.9031
2wos 3.9031
3ehn 1.9208
3h9f 7.9208
3hv7 7.9208
3iw8 4.8729
3hwx 7.8570
3gxz 7.8861
3a1t 4.8297
3a1s 4.8297
2w4x 4.8539
3f70 4.8539
3h52 4.8539
3k41 0.8239
3gcp 7.8239
3fbr 4.8239
2zwz 7.7878
3f39 1.7825
3gcu 6.7825
3bpc 4.7959
3iiy 4.7959
3dsz 7.7670
2w10 6.7696
3ekq 6.7545
3gm0 7.7696
3ern 1.7233
3el5 7.7235
3dgo 6.7447
3h91 3.7328
3fjg 3.7282
2v59 7.7447
3dnt 4.7447
3f3u 4.7447
3hg1 4.7447
3fuc 9.7212
3fj7 3.7100
2wf5 6.0000
3elc 2.6946
3dkj 5.6990
3iuc 5.6635
3d45 5.6778
3g2w 5.6576
3fwv 5.6383
3iw7 5.6383
2kfh 2.6198
3f38 2.6198
3f37 2.6198
3e3c 5.6198
2vxa 5.6021
3e6y 5.6021
3jup 5.5800
3gxy 5.5850
2w6t 8.5686
2w78 8.5686
3kjd 8.5376
3ggw 5.5376
3gl6 4.6840
3dp9 9.6819
3gf2 1.6990
3g0e 7.6990
3hy5 7.6990
3ij1 4.6990
3k5i 4.6990
3isj 3.6778
3ioc 3.6778
3g19 6.6696
2w87 4.6536
3g0f 7.6576
3h1z 4.6576
2zq1 6.6216
3d78 7.6383
3k5k 7.6383
3ifp 7.6108
3iqg 4.6038
2kff 3.6108
3eyu 7.6198
2rol 4.6198
3iux 7.6003
2kbr 4.5952
3iqh 4.5884
3dgl 6.6021
2wp1 3.6003
3ekt 10.5850
3f3t 4.5850
2khh 6.5591
2zq2 6.5591
3gfw 7.5686
2uzj 4.5686
2zfs 6.5421
2zhd 6.5421
2w92 4.5528
3iub 4.5376
3gk2 2.6990
3fhb 5.6990
2wn9 8.5229
3da9 5.5086
3iw6 5.4828
3ga5 5.4949
3eqs 8.4815
3ivv 5.4318
2wa8 5.4202
3gqo 5.4089
2zft 6.5229
3fdt 4.5229
2wl5 4.5229
2weg 6.5031
3eu5 7.4949
2wnj 6.4815
3gx0 3.4815
3hec 4.4685
3el0 7.4672
3gcq 6.4660
2w2u 4.4559
2vx9 7.4437
3fea 7.4437
3gp0 7.4437
3k27 4.4437
3dri 4.4237
2wig 3.4318
2we3 4.4318
3iqi 4.4123
2w08 3.4202
3iob 3.4202
3jzo 8.5229
3eys 5.5229
3hqr 5.5229
3el9 8.3979
3e85 5.3768
3g8e 5.3468
3efs 5.3372
3ftq 5.3279
2w9r 5.3188
3jzh 3.3979
3fn0 4.3979
3jzg 4.3979
2w9h 6.3665
3dpc 4.3565
2rok 4.3468
3gjd 7.3298
3kv2 7.3232
3dxk 6.3279
2wnc 6.3197
2wkt 4.3098
2wc4 5.2924
3g2u 5.2676
3dpo 8.2596
3ivg 4.3010
2wuf 4.2924
2vzr 4.2790
3a6t 7.2840
3jrs 4.2840
3ifo 7.2636
3ioe 3.2676
3cz1 7.2596
3gcs 7.2518
3h78 4.2441
2ke1 5.3010
3gpo 5.3010
3g08 8.1648
3cyz 7.2218
3dzt 7.2204
3dgn 6.2076
3hqh 4.1965
2wij 3.2007
2wl4 4.1938
3cft 4.1938
2wik 3.1805
3el4 7.1713
3h85 5.2218
2w8w 2.1249
2wfj 7.1549
3fqk 7.1487
3fql 7.1487
3f3v 7.1367
3gcv 7.1308
3fe7 7.1249
3hww 7.1249
3a1d 4.1249
3ivc 4.1249
3ivq 4.1186
2v57 7.1024
2knh 5.1549
3efr 5.0809
3ifl 8.0757
3juo 5.0680
2vwf 5.0605
3eqy 8.0506
3f78 3.0969
3gk1 4.0969
3iod 4.0969
2kmx 4.0794
2wej 6.0762
2wgi 4.0706
2zsc 7.0605
3kr8 8.0969
2w85 5.0376
2wji 5.0177
3gus 6.0458
2wer 7.0458
2w0z 4.0278
3fzn 4.0132
2wgj 8.6990
3k84 8.5229
3iok 7.9586
3ggv 10.8539
3io7 7.7696
3h8c 7.7212
3g35 4.6778
3k83 7.6576
3h89 7.6383
3f5k 4.6198
3fkv 7.5686
2zjw 7.6990
3k7f 7.6990
3kcf 7.4559
2zy1 7.3979
3f5j 4.2840
3ikg 7.2441
3h5b 10.0044
3jya 6.8857
3fx6 6.7959
3ikd 6.7471
3dk1 9.7447
3f5l 3.7190
3g32 3.7122
3elm 9.7212
2zz6 6.7212
2zo3 10.0000
2wap 6.6383
3gs6 6.5850
3blt 3.5376
3eyd 9.6990
3gsm 6.4815
3fv3 9.5229
3g0w 9.5229
3g5k 9.5229
2wcg 6.3768
3g90 6.3565
3ctt 6.3468
2wk6 3.3188
2zga 6.3188
3ckt 6.3188
3jq9 6.3979
3h8b 6.2916
2znt 9.3010
2w8f 6.3010
3hk1 6.1739
2k1q 6.2218
3e9i 6.2218
2wb5 9.1308
3g9l 6.1308
3ibu 9.1549
2w8y 9.0862
2wc3 6.0809
3gba 9.0716
3ffg 9.0757
3kck 9.0969
2zu3 6.0969
3jqb 6.0177
3hb4 9.0458
3g34 2.9586
3dcc 8.9586
3g3m 5.9586
3ebp 5.9066
3egt 8.8996
2kfg 2.9208
3jq7 5.9208
2woq 2.8761
3g31 2.8861
3ehy 5.8539
2zxg 8.8239
3fcq 2.7696
2wkz 8.7696
3e4a 8.7696
3cso 5.7696
3jvr 5.7235
3g9n 5.7447
2wj1 8.7212
3gjs 4.9914
2wd7 4.9747
2kaw 4.9706
3dux 7.0000
3djq 2.9803
3g2y 2.0000
2vwn 8.0000
3fur 8.0000
3hs4 8.0000
3gbe 5.0000
3dcs 7.9431
3daz 7.9281
3iww 7.9586
2w67 4.9586
3ibc 4.9066
3gbb 6.8996
2jjb 7.9208
3eft 7.9208
3eax 4.9208
3hfv 4.8665
3khv 1.8542
2wks 6.8861
3hig 7.8861
3hfz 4.8861
3ibl 7.8356
2wzs 3.8539
3i7e 10.8539
2ww2 4.8539
3dx2 6.8239
3djx 2.8075
3eb1 4.7878
2zgm 1.7852
2wl0 7.7959
3dnd 4.7959
3evf 6.7696
3gjt 6.7696
3ggu 9.7696
3hav 3.7696
3d6q 3.7645
3d6p 3.7471
3g3d 4.7399
3jqg 4.7447
3gxt 4.7447
3ebo 4.7210
3fnm 4.7055
3f6g 4.7212
3f6h 4.7212
3grj 3.0000
3dd0 9.0000
3dcw 9.0000
3jxw 9.0000
3jy9 9.0000
2w8g 6.0000
3d9z 8.6990
2wky 8.5901
2wca 5.6021
3fa3 5.6021
3kgp 2.5719
3gvb 2.5850
3ibi 8.5850
3dkf 8.5686
3ejq 8.5686
3ejr 8.5686
3ejp 8.5528
3d7b 3.6925
3ewc 7.6990
3eig 7.6778
3ex6 3.6576
3fee 6.6383
2zx8 9.6356
3hl7 7.6383
3ibn 7.6108
3fk1 2.6162
3iph 7.6003
2zx6 10.6003
3g0i 3.6021
3ehx 7.6021
3gc4 7.6021
3jwq 7.6021
3dx1 3.5768
3bm6 7.5850
3djv 4.5544
3ff3 3.5686
3e9h 7.5528
3h30 4.5346
2zns 6.5376
3hii 6.5376
2w5i 4.5376
2zz1 4.5376
2zz2 4.5376
3gsg 2.6990
3ge7 8.6990
3fdm 8.6990
3hvj 8.6990
3g30 2.5086
2wqp 5.5086
2wr8 5.4437
3dx3 6.5229
3hio 6.5229
2vwo 7.5086
2whp 4.5086
2zx7 10.4921
3g1d 3.4815
3h0a 7.4815
3fed 7.4609
3hl5 4.4685
2wbg 4.4535
3dx0 7.4437
2zu4 7.4202
3d8y 3.4023
3gr2 2.5229
2vvc 8.5229
3hvh 8.5229
3hvk 8.5229
3dxg 2.3979
3hkt 5.3872
2zxa 8.3497
3g2z 2.3565
3hkn 5.3458
3hkq 5.3420
3gtc 2.3468
3f82 8.3372
2wj2 8.3279
3gjq 5.3279
3dc3 8.3098
3djo 4.3893
3kmc 6.3979
3e90 7.3872
3d8z 3.3737
3f7g 7.3665
3i6o 10.3468
3f7i 7.3372
3ebh 6.3204
3dhk 7.3279
3eos 8.3979
2zxb 5.3010
3hek 8.2676
3hll 8.2366
3fl5 7.2840
3i4a 4.2840
2zx9 10.2660
3gc5 7.2596
3f8e 7.2291
3fqe 8.3010
3hku 8.3010
3hvi 8.3010
3jy0 8.3010
2ww0 5.3010
2zxd 5.2218
3hit 8.1938
3hpt 8.1871
2ko7 5.1871
3gqz 2.1739
3djp 4.1993
3k2f 7.2007
3g1v 3.1904
3gdt 7.1938
3kid 3.1831
2vvv 8.2218
3dne 5.2218
3d8w 8.1549
3faa 8.1487
3gv9 2.1249
3hiv 8.1249
2znu 8.1135
3gpj 5.1079
3a9i 4.1506
3ffp 7.1397
3kme 6.1397
3dx4 7.1192
3d6o 4.1135
3ebi 7.1024
3fmz 8.0809
3jwr 8.0706
3hiw 8.0605
3f68 5.0605
3dbu 8.0555
3f7h 7.0862
2w5g 6.0655
2w66 4.0506
2vvu 8.0969
3fjz 4.0458
2w2i 6.0391
2vwm 7.0315
2vwl 7.0223
2wvz 4.0177
3eou 7.0132
2zu5 7.0044
2jkh 8.0458
3m9f 11.1549
3i7c 7.7447
3mbl 7.7447
3inh 7.6990
3lhg 7.6990
3le6 7.4559
3in4 7.5229
3inf 7.3979
3i6z 7.3010
2xng 7.2218
3i7b 7.1805
3in3 7.2218
3lp0 6.9586
2xcn 6.9208
3kl8 6.9208
3lp1 6.9208
3kvw 6.8861
3ah8 9.8239
3ipe 6.8239
3kc3 6.7959
2x2m 6.7696
3ine 6.7696
2x9e 6.7399
2xne 6.7212
2x8i 6.7212
3kyr 6.7212
3kry 10.0000
3l38 7.0000
3lp2 6.6576
3oad 9.6198
3iu9 6.6198
3ipb 6.6990
2x2k 6.5229
3oag 9.5086
3ixj 9.4949
3ara 6.4949
3mj5 6.4949
3anr 6.4559
3i6m 6.4559
3ksq 9.4202
3is9 6.4202
3m8q 9.5229
3l3a 6.3768
3krr 9.3188
3lq8 9.3979
3lw0 6.3979
3g58 9.2840
3iu8 6.2366
2wxk 9.3010
3kwj 9.3010
3mvh 9.3010
3lmp 6.2076
2xd6 6.1871
3l3x 6.1487
3gen 9.1427
2wxg 9.1549
3lkz 6.1549
2xkf 6.0605
3krl 9.0969
2x8d 6.0969
3lkh 6.0969
3max 6.0458
3g4g 9.0410
3g4i 9.0410
3lj3 9.0269
3irx 9.0000
2wzx 6.0000
3nef 5.9431
3neg 5.9431
3krj 8.9586
3lpu 5.8633
3km4 8.8861
3itz 8.8539
3nzu 8.8539
3ind 5.8153
2xez 5.8239
2xk7 5.8239
3owk 5.8239
2xk6 5.7959
3pa8 5.7496
3njy 5.7696
3mks 5.7212
3kx1 7.0000
3mb6 7.0000
3l6f 6.9914
3gzn 8.0000
3l0e 8.0000
3fxw 5.9586
2xvn 3.9508
3ho2 6.9469
3lnk 5.9393
3ndm 7.9586
3nnx 7.9586
3lpt 4.9136
3k22 7.9000
3oui 4.8996
3ipx 6.9208
3lpj 6.9208
3lok 6.9208
3kbz 6.9066
3ljt 6.8894
2x6d 7.9208
3ivi 7.9208
3kc0 7.9208
3l3z 4.8665
2x38 6.8861
2xfj 7.8861
3mvl 7.8861
3lco 6.8447
2x8e 7.8539
2xcs 7.8539
3ika 7.8539
3kqa 4.8539
3ncg 6.8239
3lce 3.8069
2x6e 7.8239
2xfi 7.8239
3koo 7.8239
3l13 7.8239
3mj2 7.8239
3n51 7.8239
3ncz 7.8239
2xk4 4.7721
3ihz 6.7959
3l0n 2.7747
3g8o 7.7959
3hq5 7.7959
3phe 7.7959
3iu7 4.7959
3mlb 4.7959
3iop 7.7696
3k5c 7.7696
3kwb 7.7696
2x4r 4.7696
2x4o 4.7696
2wxf 6.7447
3fh8 6.7447
3mv5 6.7447
2wa4 4.7447
3kfn 4.7447
3ful 3.7011
3hnz 7.7212
2wa3 3.0000
2wxj 9.0000
3iad 9.0000
3kc1 9.0000
3kw9 9.0000
3pa3 9.0000
3m8p 8.6778
2xk3 5.6778
2x39 8.6576
3p1d 2.6383
2xkd 5.6383
2xk8 5.6198
3fhe 8.6021
3k5g 8.6021
3m6f 8.6021
2xkc 5.5850
2x7d 6.6990
3mb7 6.6990
3oyl 6.6990
2wxn 7.6778
3k3e 7.6576
3ow4 7.6576
2xg5 4.6576
2x6k 5.6383
3kig 6.6108
3l0k 4.6198
2x6f 4.5898
3lfs 5.6021
3kn0 3.6021
3mpt 6.6003
3oyn 7.6021
3kdt 6.5850
3msk 4.5850
2xh5 7.5686
3l5e 7.5686
3nnv 7.5686
3pjc 7.5686
3g4k 6.5406
3a4p 7.5528
3khj 7.5528
2wxv 8.6990
3lvp 8.6990
3oot 8.6990
3oyp 8.6990
3pa5 8.6990
2x7c 5.6990
3g0c 5.6990
3n5h 5.6990
2wxd 5.4815
3my1 5.4461
3ked 2.4437
3k5f 5.4318
3frg 8.4001
3mvm 8.4089
3arn 5.4089
3k5u 6.5100
3mpm 7.5229
2xf0 4.5229
3lfn 5.5003
2xru 7.5086
3og7 7.5086
3ovx 7.5086
2xct 4.5086
3mvj 5.4949
3h0j 6.4881
3nc9 6.4815
3l16 7.4815
2wwj 4.4815
3kdu 6.4597
2wxq 7.4685
2x7o 7.4685
3gb2 7.4685
3oy3 7.4461
3kxz 7.4559
2x6j 7.4437
2xch 6.4271
3l5r 7.4202
2wxp 8.5229
2xa4 8.5229
2xfk 8.5229
3ns9 8.5229
3ocg 8.5229
3pa4 8.5229
3i97 5.5229
2wzz 5.3979
2xke 5.3768
3g45 8.3565
2wxl 8.3372
3lj7 8.3372
2wxm 7.3979
3lcd 7.3979
3otq 7.3872
3oqk 6.3768
3krx 7.3768
3krw 7.3768
3lpb 7.3768
3nsh 6.3279
3ivh 7.3279
3nnu 7.3188
2x4u 4.3188
3kwz 8.3979
3nrm 8.3979
3ken 5.3979
3l17 8.2840
3nw7 8.2757
2x2l 5.2757
3okh 5.2426
3g4l 8.2366
3hmv 7.3000
3ls4 6.3010
2xml 3.3010
3n1v 3.3010
3n46 4.3010
3ipy 6.2924
3oc0 6.2840
3k5d 7.2757
3mww 7.2441
2x52 4.2441
3o8h 6.2366
3kec 7.2366
3o96 7.2366
3n4l 7.2291
2x81 8.3010
3g0g 8.3010
3g0d 8.3010
3lxl 8.3010
3ly2 8.3010
3ocb 8.3010
3oct 8.3010
3ot3 8.3010
2xey 5.1871
3ixk 8.1805
3kwf 8.1675
3l5f 6.2182
3ma3 7.2218
2x9f 7.2147
3kga 7.2147
3h0s 6.1979
2x4s 4.2007
3nok 4.1938
3my5 4.1871
3owl 6.1739
3pup 8.2218
2xow 5.2218
2xwy 5.2218
3n5j 5.2218
3o6t 5.2218
2x4t 5.1349
3o8g 5.1308
3hnb 5.1079
3gwt 11.1002
3l5c 5.1549
3oki 7.1549
2xck 6.1469
3odk 3.1427
3ow3 6.1296
3nzs 7.1249
3msj 3.1135
3l5d 4.1079
3ho9 6.1029
3ouh 7.1024
2xuc 4.1024
2wxi 8.1549
3g0b 8.1549
3kb7 8.1549
3l54 8.1549
3nw6 8.1549
3nww 8.1549
3msl 5.1549
3n49 5.1549
3oxz 8.0655
3ovz 8.0605
2x6i 6.0809
3nw5 5.0757
3h0q 6.0747
2x5o 4.0706
2wd3 7.0655
3fh5 7.0605
3k3h 7.0555
2wpa 8.0969
3ion 8.0969
3l58 8.0969
3l8v 8.0969
3l9h 8.0969
3lxs 8.0969
3nif 5.0969
3iit 8.0223
2wxo 7.0458
3oqf 7.0410
3nzc 7.0177
2wxh 8.0458
3mwu 8.0458
3nnw 8.0458
3ot8 8.0458
3lzs 10.9626
3lzv 10.5850
3myg 10.6990
3i02 7.5229
3m5e 7.3665
3mhl 7.2518
3hu2 7.2218
3lzu 10.0605
3hu3 6.8861
3hu1 6.8861
3psl 6.8861
3kdb 9.8539
3iet 6.8539
3m3x 6.8239
3lxk 9.7959
3m40 6.7696
3m67 6.7447
3fsm 7.0000
3hzy 7.0000
3kdm 7.0000
3mhm 7.0000
2kpl 6.6383
2xhx 6.6021
3ip6 6.6021
3kmm 9.6990
2kup 6.6990
3hzk 6.6990
3mhi 6.6990
3lhj 9.5086
2xjj 6.5086
3mho 6.4949
3nw3 6.4949
3ogx 6.4815
2xdx 6.4559
3hzv 6.5229
3m3r 6.3188
3lnz 9.3098
3fw4 9.3979
3k1j 6.3979
3kdc 9.2840
2xab 9.2676
3oap 6.2596
3hcm 3.3010
3k5v 6.3010
3me9 6.3010
3m55 6.2076
3ad8 3.1612
3m89 6.1612
3acl 6.2218
3ip5 6.2218
3ipa 6.2218
3p2e 6.2218
3pb3 6.2218
2xjx 9.1487
3ig1 6.1367
3ktr 6.1549
3otf 6.0809
3mo8 3.0969
3k54 9.0000
3nex 6.0000
2xht 5.9586
3kgu 5.9208
3n5u 5.9208
3neo 5.9208
2y3p 5.8861
3m54 5.8861
3lka 2.8239
3k00 5.7696
3gy2 5.7447
3kr1 5.7447
3o0e 5.7447
3lf0 5.7144
3k02 5.0000
3lle 4.9706
2kp8 4.0000
3huc 5.9872
2kvm 3.9650
3l8x 8.0000
3nga 8.0000
3new 5.0000
3omc 5.0000
3iqj 4.9318
2wib 4.9281
2w97 0.9586
2l1b 3.9586
3kze 3.9508
3luo 6.9469
3a5y 7.9586
3m5a 4.9586
3mmr 4.9586
3nin 4.9066
3juk 4.8894
3m8u 4.8894
3nij 4.8894
3ies 9.9208
3l5b 3.9101
3lp4 4.8827
3obx 3.8861
3mo5 6.8665
3lbz 3.8601
3kqo 3.8539
3lzz 3.8356
3kpw 4.8539
3mo0 6.8125
2xjg 7.8239
3mj1 7.8239
2l0i 4.8239
2l11 4.8239
3kmx 4.8239
3kqy 4.8239
3lxo 4.8239
2rr4 4.7773
3nq3 3.7773
3g5v 7.7959
3iqu 4.7696
3hdk 4.7570
3nim 4.7520
3kqm 3.7696
2xg3 4.7399
3n6k 6.7447
2wq5 3.7447
3kpv 3.7447
3lcv 4.7447
3llm 4.7447
3ny3 4.7144
3lk8 7.7055
2x2c 7.7212
2wzy 10.7212
3okp 4.7212
3oka 4.7212
3omg 4.7212
3jrx 9.0000
2l6e 6.0000
3met 6.0000
3nyn 6.0000
3al3 5.6778
3p4f 5.6576
3l1n 5.6308
3gy3 5.6271
3hkw 8.6383
3ip9 5.6198
3nes 5.6198
2x4z 8.5686
3iqq 5.5376
3jyr 5.5376
2krd 2.6990
3kd7 3.6990
3l59 3.6990
3n7s 7.6990
3n7r 7.6990
2wva 10.6990
3kr0 4.6990
3lm1 4.6990
3nkk 4.6990
3p2k 4.6990
3lnj 6.6596
3miy 7.6778
3oy8 3.6576
3mss 4.6576
2rqu 4.6271
3ljo 6.6216
2xs8 4.6108
3lgs 4.6055
3mo2 6.6126
3jzj 3.6055
3o4k 7.6198
3ob2 4.5884
3m3o 3.6010
2xdk 3.6021
3afk 3.5988
3fh7 7.6021
2wq4 2.5686
2l1r 3.5686
3adt 4.5528
3p8p 4.5528
3l81 4.5287
3obq 3.5376
2x7x 5.6990
3ad7 2.5214
3kgt 5.5086
3i73 5.4908
3hmp 5.4895
3m58 5.4815
2xde 5.4660
3kdd 8.4622
3pd2 5.4685
3nam 8.4559
3pty 5.4377
3lp7 5.4437
2xbv 8.4318
3nhi 8.4318
3ng4 5.4318
3ob1 5.4168
2wsx 2.4089
3hmo 7.5157
3ljj 6.5229
3lcu 3.5229
3gy7 4.5229
3o6l 7.5086
3l2y 4.4939
3kmy 4.4949
3pd4 4.4789
3o6m 7.4815
3nil 3.4645
3o8p 6.4559
3nik 3.4451
3g5y 7.4559
3pd3 4.4413
3okc 4.4377
3kqr 4.4342
3m3e 4.4265
2wyf 4.4318
3kqp 3.4202
3muk 3.4202
3hzm 5.5229
3m57 5.3979
2wic 5.3872
3mf5 5.3645
3lqj 5.3665
3ncq 5.3565
3npc 8.3372
3kqt 5.3372
3nee 5.3372
3nrz 5.3372
2x00 11.3279
3ml4 5.3279
2xhr 8.3188
3m53 5.3098
2xtn 7.3979
3m17 7.3979
3i5r 4.3979
3l6x 4.3979
3guz 4.3768
3nm6 1.3468
3ogm 7.3188
3nth 4.3188
3hs9 6.3098
3mxf 7.3098
2xyn 8.3979
3l6h 5.3979
2xzw 5.2924
3k8q 11.2840
3n9s 5.2596
2xl3 5.2518
2xl2 5.2518
3m59 5.2366
3mle 5.2366
3lq2 5.2240
3lq4 5.2240
3obu 4.3010
3l3q 7.2741
3iwy 7.2757
3ijg 4.2676
2xib 7.2588
3p5o 7.2581
3lk1 4.2581
2l12 4.2596
2ksp 4.2441
3nii 4.2328
3o84 7.2366
3hs8 5.3010
3p8h 5.3010
3ilq 5.2076
3nsq 5.2076
3kqs 5.2007
2wtw 8.1871
3iqv 5.1805
3lqi 5.1612
2kzu 4.2218
3kyq 4.2218
3if7 7.2147
2won 6.2048
2xii 7.1986
2xto 6.2007
3kpu 3.1612
3lk0 3.1568
3nan 8.2218
2koh 5.2218
3ms9 5.2218
3n1c 5.2218
3nti 5.2218
2xi7 5.1427
3kr2 5.1427
2kwn 5.1308
3hb8 5.1249
3nkx 5.1249
3nx7 8.1035
3adu 4.1379
2wvt 6.1221
3ncr 4.1107
3oyw 4.1079
2xdl 3.1024
3p8e 5.1549
3hub 8.0862
3hbo 5.0862
3k8o 11.0655
2y34 7.0969
3hky 7.0969
3m3c 4.0644
3le8 6.0655
3nal 8.0969
3gy4 5.0969
2xbp 5.0177
3ads 5.0119
3ouj 6.0458
3isw 4.0458
3n8k 4.0458
3nq9 4.0334
3adv 3.0301
3kqw 4.0132
3nht 7.0088
3l8s 7.0044
2xcg 8.0458
2xeg 10.6990
2xei 10.6198
3liw 7.6021
3i51 7.6990
3hfb 7.5229
3l4u 7.5229
3mxe 10.0132
3i4y 7.0458
3l4y 7.0000
3gt9 3.9586
2xmy 9.9586
3a2c 6.8996
3iae 3.8861
3l4x 6.8861
2xef 9.8386
3m36 9.8239
3nu3 9.8239
2wk2 6.8239
3nuo 9.7959
2xb9 6.7696
3anq 6.7447
3l4v 6.7212
3l4z 6.7212
3m2u 7.0000
3aav 6.6198
2wly 6.6021
3lc5 6.5686
3nmq 9.6990
3hf8 6.5086
2xd9 6.4559
3p4q 6.5229
3kqd 9.3979
3nuj 9.3872
3iut 6.3372
3ioi 6.2757
3aaq 3.3010
3l7g 3.3010
3fv1 9.3010
3kqb 9.3010
3nu6 9.3010
3lpp 6.2218
2xb7 9.1871
3mn8 6.1739
3of8 9.2218
2xda 6.2218
3agm 9.0862
3p8z 6.0862
3a2o 9.0809
3fvl 6.0655
3owj 6.0655
3lea 9.0969
3lpk 9.0969
3mdz 9.0969
3m37 9.0410
3nu9 9.0458
3l4w 6.0000
3lmk 5.9355
2xaq 5.9586
3k8c 2.9208
3k37 8.9208
3kjq 5.8794
2xej 8.8729
2wpb 2.8861
2wtx 2.8861
2xas 5.8861
3mxd 8.8327
3fvk 8.8239
3nu4 8.8239
3fyz 5.7959
3k16 5.7959
2wtv 8.7447
3jyj 5.7447
3lik 8.7167
3p4r 2.7212
3i3d 1.9872
2xbw 8.0000
3k97 8.0000
2x95 4.9469
3mxr 4.9469
3lir 6.9245
2x8z 7.9586
3mhc 7.9586
3lbj 4.9586
3fvg 6.8928
3i6c 4.9208
3k15 4.9208
3kjf 4.8729
3g2i 4.8633
3g2l 3.8668
3kr5 7.8861
3n2u 7.8447
3mz3 7.8297
3moh 2.8356
2xnb 6.8268
3h9k 7.8539
3ik1 4.8539
3k05 4.8539
3g2h 3.8202
2xbx 7.8239
3g2k 4.7932
2x7s 5.7799
2xaj 3.7747
3fvn 6.7721
3agl 7.7959
3gi4 10.7959
3acw 4.7570
3g2j 4.7471
2x09 3.7570
3mi2 7.7696
3abt 4.7696
3mkf 4.7696
3ljg 7.7305
2x91 6.7447
2wyi 4.7447
3g6m 1.7055
2xc0 6.7167
2wyj 9.0000
3lvw 2.6737
3kqc 8.6576
3nox 8.6576
3mke 5.6576
3fv7 5.6383
3abu 5.6198
3oe0 8.6021
2wyn 5.5528
3lpf 6.6819
2x97 5.6576
2xj7 6.6576
2xba 7.6256
2x7t 6.6345
3l0v 7.6383
2xaf 4.6383
3lxe 6.6021
3itc 1.6021
3kr4 7.6021
3o87 7.6021
2wlz 4.6021
2x0y 4.6021
3k0h 4.6021
2xb8 7.5850
3hp9 4.5850
3ipq 7.5686
3ixg 7.5686
2xah 3.5467
2xag 4.5528
3fuz 6.5376
3mwe 1.5376
2wyg 8.6990
3i60 8.6990
3i5z 8.6990
3l1s 8.6990
3lgp 8.6990
3acx 5.6990
3kku 5.6990
3i25 8.5086
3l79 2.4609
3mi3 5.4486
3l7c 2.4353
3mjl 2.4437
3k0k 5.4318
3l4t 5.4202
3oxc 8.4089
3mfv 2.5229
3mfw 3.5229
2wm0 4.5229
3n2v 7.5086
3aas 4.5086
2xdm 7.4949
3nyx 7.4949
3hl8 4.4949
3ieo 6.4802
3l3l 7.4815
3pd8 6.4584
3own 7.4685
3lbl 7.4437
3nba 3.4112
3k5x 6.4089
3lpi 8.5229
3iog 5.5229
3l7b 2.3969
3fzc 5.3872
3m1k 5.3872
2xdw 8.3665
3kek 8.3565
3nu5 8.3468
3k4q 5.3372
3o88 6.3665
3l7a 4.3333
3ipu 7.3188
3mnu 7.3188
3mhw 2.2984
3o5x 5.2840
3i3b 2.2291
3ok9 11.2291
3lc3 5.2291
3moe 4.3010
2x7u 5.2725
3gta 4.2757
3n3g 7.2366
3kgq 2.3010
3gjw 8.3010
3gn7 8.3010
2wzm 5.2218
3kjn 5.1911
3l7d 2.1838
3l3n 8.1805
3oe9 8.1805
3krd 8.1675
3pd9 6.2218
3k99 7.2218
3m35 7.2218
3l08 10.2218
3nf3 6.1951
3mz6 7.2007
3ips 7.1938
3nsn 7.1871
3lpg 6.1649
2xe4 7.1612
3l3m 8.2218
3le9 8.2218
3gi6 11.2218
3gi5 11.2218
3iof 5.2218
3ijz 5.2218
3odu 8.1367
3oe8 8.1367
3n2c 5.1249
3fv2 8.1135
3n9r 7.1549
3o86 7.1549
2xg9 4.1549
3n7o 7.1427
3kej 7.1198
2ksb 3.1226
3mkn 4.1192
3k4d 5.1107
3i4b 8.1549
3nxq 8.1549
3oaw 8.1549
3kqe 8.0915
3oe6 8.0862
3k39 8.0809
3lil 8.0809
3g2n 4.0915
3k3a 7.0757
3kwa 4.0757
3mof 3.0655
2ksa 3.0600
3aho 7.0511
3ith 8.0969
2ks9 2.0448
3aau 5.0458
3mxs 5.0088
3ahn 7.0453
3lbk 6.0381
3mtw 7.0362
3igp 7.0246
2x96 4.0269
2xz5 4.0074
2xc4 8.0458
3ag9 8.0458
2xvd 8.6990
2yac 8.6990
2xbj 8.5229
2yj8 8.1871
2xm9 8.0458
2yj2 7.9208
3p7b 7.7447
3twd 7.7447
3s7m 8.0000
2xu1 7.6576
2yjc 7.6576
3p7c 7.6576
2y1x 7.5686
2yc5 7.4559
3apc 7.4437
2ycf 10.5229
3pj8 7.3979
2xx2 7.3010
3p5k 7.1192
2xk9 10.1549
3tge 10.1549
2xx4 7.0969
3s7l 7.0969
3uo9 7.0969
2yj9 7.0223
2yjb 7.0223
3r7q 6.9666
3qaq 7.0000
3qj9 7.0000
3zya 7.0000
3lq5 6.9586
3p78 6.9586
3qtf 6.9586
3r04 6.9208
2xu5 6.8861
3zrk 6.8861
3zrm 6.8861
2ycq 9.8539
2yc3 6.8539
3qcq 6.8013
2xm8 6.7959
2xnm 6.7959
2xu3 6.7959
3zrl 6.7959
2yir 9.7696
3r21 6.7447
3pix 7.0000
2xx5 6.6990
3o9l 9.6576
2y5k 6.6576
3ow6 6.6576
3opm 6.6198
2yit 9.5376
3piy 6.5376
3sl8 6.5376
3n5k 9.6990
3zs0 6.6990
3qcs 6.5003
3u6a 6.4895
3p3u 6.4827
3qar 6.4949
2x24 6.4815
2y5l 6.4815
2xu4 6.4685
2xnp 6.4437
3qkk 6.5229
3qup 6.3224
3q4b 9.3279
3sfi 6.3979
3zs1 6.3979
3p7a 6.2840
3ti6 9.2676
3q5h 6.2518
3ro4 6.2291
3o23 6.3010
3qcj 6.3010
2ykj 6.2147
2yb9 9.2218
2ye9 6.2218
3s1y 6.2218
3qg6 9.1367
2xyr 6.1308
3r2a 6.1249
2ykc 6.1079
3rsv 9.1549
3sn7 9.1549
3snl 9.1549
2y1g 6.1549
3osw 6.1549
3rm8 6.1549
3rhx 6.0757
2yiw 9.0969
3qri 9.0969
3rcj 6.0969
3ti8 9.0458
3r0t 9.0410
2yg2 6.0458
3skh 6.0458
3tjd 9.0000
3ti5 8.9547
2xno 5.9281
3s7a 8.9586
2ykb 5.9586
2yke 5.9586
3mg8 8.9208
3qo9 5.9208
2ycs 8.8665
3tic 8.8665
4a23 5.8861
3rxa 2.8539
3ppk 8.8539
3prf 8.8539
3r2f 8.8539
3nzw 5.8239
3sjo 5.7825
3qfv 5.7721
3skc 8.7959
3s3q 8.7670
3rz3 5.7645
2yis 8.7696
3ti3 8.7375
3q32 8.7447
3r7r 8.7447
2xk1 5.7447
3tku 5.7167
3t9t 8.7144
3b1u 5.7212
3rv3 2.0000
3qd3 8.0000
2y6c 5.0000
3r5j 6.9586
3tv4 6.9586
3svv 6.9431
3qi4 3.9311
3nwb 7.9586
3pp0 7.9586
3rvi 7.9586
3sni 7.9586
2xsb 4.9586
2yiq 7.8972
2xel 3.8976
3tib 6.8894
2y0j 7.9208
3o0u 7.9208
3qpp 7.9208
3szb 4.9208
2ylo 4.8827
3sie 7.8761
2yiu 6.8861
3py0 6.8861
3py1 6.8861
2xiz 3.8861
3src 3.8861
3npa 3.8652
3mg7 7.8861
3atk 2.8539
3pz3 6.8508
3ooz 7.8539
3qti 7.8539
3tl5 7.8539
2yem 7.8097
3rxh 1.8041
2xj0 2.8239
2yc0 2.8239
3qbh 6.8239
3tpp 7.8239
2xp8 4.8239
3as3 3.7959
3qi3 3.7846
2xtk 3.7852
3l9l 6.7773
3s0j 3.7698
3nuu 3.7721
3oy1 7.7959
3t07 7.7959
2y2j 4.7959
3q3b 7.7645
3atl 4.7645
3rxe 4.7645
3qpn 7.7696
3r22 7.7696
3rcd 7.7696
3rq7 7.7696
3ske 7.7696
3pdq 6.7447
3s0n 6.7447
2xp4 3.7447
3mrv 3.7447
3ati 3.7258
3rxd 3.7258
2yde 3.7235
3o9v 7.7447
3ohh 7.7447
3qk5 7.7447
2xzg 4.7447
3tpr 7.7011
3ms2 3.7158
3zst 1.7212
3owb 7.7212
3r02 9.0000
3sji 5.6861
3s3r 8.6799
2xpb 5.6990
3rxk 2.6778
3p76 8.6778
3rxb 2.6576
3b1t 5.6576
3oxi 5.6576
3p79 5.6383
3qzq 5.6383
3rxl 2.6198
3qqu 8.6198
3rxf 2.6021
3nzi 5.5850
3so9 8.5591
3sdg 5.5528
3q96 8.5376
3sff 6.6990
3mrt 3.6990
3asx 7.6990
3olf 7.6990
3q0z 7.6990
3qcy 7.6990
2xp6 4.6990
2y2p 4.6990
2ybt 4.6990
3sl5 7.6576
3rme 4.6576
3mtb 4.6345
3px8 3.6383
3rxm 3.6345
3os3 6.6289
3poz 7.6383
3rjm 6.6091
3qpo 6.6073
2ybp 4.6198
2ybk 4.6198
3p50 4.6198
3mt9 4.5901
2y68 3.5969
2y6o 7.6021
3nwe 7.6021
3ptg 7.6021
3r6g 7.6021
3lkj 4.6021
3nc4 4.5751
2y2i 4.5850
2ybs 4.5850
2ycm 3.5622
3s3o 7.5686
3sl4 7.5686
2y2n 4.5686
2y2h 4.5686
3p4w 4.5686
3soq 4.5686
3mt8 4.5482
3otx 4.5317
3pvu 6.5376
3nf9 3.5376
2y67 3.5346
3nf6 3.5302
2yak 8.6990
3qc4 8.6990
3thb 8.6990
3b0w 5.6990
3spk 8.5200
3zxh 8.5229
3tia 8.5058
3qd0 8.5003
3pp1 8.4949
4a22 8.4949
3qch 5.4815
3q2g 8.4559
3piz 5.4559
3s22 5.4559
3qci 5.4202
3ogq 7.5229
3owd 7.5229
3q7j 4.5229
3peq 7.5003
3srv 7.5003
3ro0 4.4963
3nus 3.5072
3oeu 7.5086
3p9j 7.5086
3tjc 7.5086
3pdc 7.4949
3ska 7.4949
2xln 4.4815
3mtd 3.4679
3nf7 3.4685
3nuy 3.4622
3zw3 7.4685
3shz 7.4449
3nlb 7.4559
2ydm 7.4389
2xiy 2.4437
2xp5 3.4437
3as2 3.4437
3ogp 7.4437
3qkv 7.4437
3q4c 6.4318
3ms7 3.4318
3omm 7.4318
3q3t 7.4318
3zqt 4.4112
3rl4 5.4202
3px9 3.4202
3qkm 7.4202
3p23 4.4202
4a7b 7.4001
3np9 4.4001
3u4r 7.4089
3psb 8.5229
3psd 8.5229
3sfc 8.5229
3qcl 5.3979
2xpa 5.3872
2xyu 5.3468
3tv6 8.3188
3mrx 3.3909
3s3m 7.3979
3sc1 4.3830
2xni 7.3665
3m11 7.3665
2xo8 4.3261
3msc 3.3150
3pj1 7.3188
3vhu 7.3098
3ook 8.3979
3qrj 8.3979
3r2b 8.3979
3ttz 8.3979
3o95 8.2757
3tdc 8.2676
3sz9 5.2676
3pj3 5.2518
3aw0 5.2441
3mqf 5.2441
3qck 5.2366
3r01 5.2366
3pxy 5.2291
3pxz 5.2291
3mta 4.2976
3l9m 7.3010
3oof 7.3010
2ylp 4.3010
2ylq 4.3010
3vhv 6.2924
3ms4 3.2804
3u4o 7.2757
3pka 6.2676
3rhk 6.2612
3pvw 7.2676
3ans 6.2480
3qrk 7.2441
3skf 8.3010
3vhe 8.2076
3qd4 8.2000
3nzx 5.1675
2y2k 5.1612
3sov 4.2147
3pkb 6.2076
3qsd 7.1945
3lzb 7.2007
3qcx 7.2007
3avz 7.1871
3srb 4.1871
3rl3 7.1739
3s2p 7.1675
2ycr 7.1574
3q2h 9.1612
3pz4 8.2218
3q77 8.2218
3osi 5.2218
3rxg 2.1487
3pj2 5.1427
3oev 8.1308
3q3k 8.1308
3tu9 5.1249
2yjw 5.1192
2yjx 5.1192
3r7b 6.1487
3r7n 6.1487
3pz1 6.1403
3pz2 6.1403
3rtn 7.1308
3pkd 6.1192
2yig 7.1002
3o57 10.1002
2y6d 7.1024
3at4 8.0969
3s2a 8.0915
2yk9 5.0915
2y1o 5.0862
3rxp 2.0809
3qsb 5.0809
3ant 8.0706
3r2y 8.0706
3r00 5.0706
3l9n 8.0655
3s2o 5.0506
3ty0 7.0804
3rxo 4.0794
3rkz 7.0809
3atm 3.0590
3rxi 3.0590
3rxj 3.0590
3s3n 7.0555
3skg 8.0969
3at3 8.0362
3rdh 5.0315
3n4c 8.0223
3shy 7.0414
3sfh 7.0458
3thd 4.0458
3zvv 3.0386
3r91 7.0362
3mt7 4.0306
3ti4 6.0237
3ohf 7.0269
3pi5 6.0223
3as1 4.0223
3np7 4.0223
3pkc 6.0177
3r92 7.0177
3atw 7.0088
3qkl 8.0458
3txo 8.0458
3b28 8.4685
2yln 7.6778
3uvm 7.5229
3b24 4.3768
2xuz 7.3979
2x6w 7.1024
3arp 7.1549
3qx9 4.0458
3u0d 9.9957
3t2v 6.9872
3uvo 7.0000
3ap4 3.9208
3r1v 6.9208
3uex 6.9208
2y57 6.8861
3rdo 9.8539
3s8o 6.8539
3qo2 6.8539
3tdz 6.8239
3uvk 6.7959
3ao2 3.7696
3q6s 6.7447
3aqt 6.7212
3poa 7.0000
3rse 7.0000
3zyu 7.0000
3shv 6.6576
3uat 6.6576
3b26 6.6383
3zy5 6.6383
3orn 9.6198
3ka2 6.6198
3m93 6.6198
2xzq 6.5850
3tl0 6.5850
3uvn 6.5850
2lbm 6.5686
3ove 6.5686
3s0e 6.5528
3pgu 6.6990
2y56 6.5086
3r93 6.5086
2ygu 6.4921
3muf 6.4949
3s0b 6.4949
2y4m 6.4622
2yki 9.4559
3zy2 6.4559
2y36 6.4202
2xxn 6.4089
3o9p 6.5229
3tf6 6.3979
3hau 6.3768
3qlm 6.3655
2y1w 6.3325
4a4e 3.3224
3rdq 9.3098
3uew 6.3098
3arq 6.3979
3ll8 6.3979
3rsb 6.3979
3szm 6.3979
3rux 9.2757
3rbq 6.2676
3t1l 3.2596
2l6j 6.2596
2y4l 6.3010
3ql9 6.3010
3s7b 6.3010
3hlo 6.2147
3s8n 6.2076
3p9t 6.2007
3u5l 6.1938
2y07 6.2218
3qmk 6.1040
2y4s 6.1549
3arw 6.1549
3qxd 6.1549
2y06 6.0969
3b25 6.0655
3sjt 6.0555
3qc9 6.0555
3pwm 9.0969
3mp1 6.0969
3t1n 6.0969
3t1m 3.0410
3shb 6.0315
3ap7 3.0044
2xhs 6.0044
2l75 6.0458
3haw 5.9957
4a4g 2.9893
2xv1 5.9872
3rl8 5.9788
3arz 6.0000
3ary 6.0000
4a0j 6.0000
3pm1 5.9281
3alt 2.9245
3rz7 8.9586
3mp6 5.9586
3rw9 5.9586
3uev 5.8894
3r0h 5.9208
3tkz 5.9208
4a4f 2.8804
3tcg 5.8665
3qx8 2.8633
2y8i 5.8861
3ax5 5.8539
3iaw 5.8041
3ppr 2.8239
2y8l 5.8239
2y8q 5.8239
3qqa 5.8239
3plu 5.7721
3rm4 5.7721
2xn6 8.7959
3rt4 8.7959
4a4h 2.7680
2xp7 5.7696
3qxc 5.7696
3rz1 8.7447
2las 5.7447
3o1d 5.7447
3o1e 5.7447
3pwh 8.7212
2y7w 4.9838
2l7u 3.9830
3rey 8.0000
3p9m 5.0000
2y7k 4.9281
2xn3 5.9215
3n2e 4.9586
3rdv 4.9101
3te5 4.9101
3n75 7.8928
3qs6 4.8928
2xxy 7.8894
3rz9 6.9208
3rlb 9.9208
3qip 6.8894
2x85 3.8894
3od0 7.9208
3pju 4.8827
3pjt 4.8827
3qin 6.8665
3pyy 6.8633
3rtx 3.8570
2ylc 7.8861
3rz5 7.8861
3njq 4.8861
3zyf 4.8508
3ru1 4.8477
2yb0 3.8539
3qio 6.8416
3qnd 4.8539
2xqq 4.8182
3s75 6.8239
3n5e 6.8210
3q72 5.8030
3q7p 5.8030
3odi 7.8239
3nfk 3.7959
3ryj 7.7959
3o2m 4.7959
3stj 4.7959
3twv 4.7645
2y9g 3.7696
3ard 6.7570
3rm9 4.7696
3rqe 4.7696
3rl7 4.7399
3pdh 6.7375
3puk 4.7447
3qs5 4.7077
3p7i 7.7011
3q6z 3.7167
2l84 7.7212
3uvl 5.6925
2lko 5.6737
3tdu 5.6676
3sou 5.6778
3t6r 5.6576
3td4 5.6576
3s71 8.6383
2xzc 5.6383
3arv 5.6383
3s8l 5.6383
3ldp 5.6180
3u5j 5.6091
3ryz 8.6198
3twu 5.6198
3qps 5.6021
3t8s 8.5498
3ovn 2.5528
2y7i 5.5376
3ujd 4.6946
2xn5 6.6882
3o75 6.6799
2y54 4.6990
3pab 4.6990
3tg5 4.6990
3qs4 4.6778
3tiw 7.6716
3oob 4.6655
2x6x 3.6778
3iny 3.6635
3q7q 5.6467
2ydf 7.6576
2l3r 4.6576
3pkn 4.6576
3uj9 4.6308
3arb 6.6308
3rqg 4.6383
2yga 4.6108
2l98 3.6144
3sk2 3.6126
3ubx 7.5986
3t2c 4.6021
3sl1 3.5850
3p3s 7.5850
2x6y 4.5850
3ujc 4.5850
3ocp 7.5686
3q6w 7.5686
3rjw 7.5686
3mxc 6.5435
2xj1 7.5528
3rz0 7.5528
3aqa 4.5528
3as0 4.5528
3ppq 4.5528
3s73 8.6990
3pxe 5.6990
3tws 5.5229
2y58 5.5003
2yix 8.4815
2y7p 5.4685
2y4k 5.4559
3p2h 5.4437
3u10 5.4437
3qlb 8.4318
3tjh 5.4089
3r6u 4.5157
3myq 7.5229
3n7h 4.5045
3puj 4.5086
3qel 6.4949
3m6r 7.4949
3ta0 3.4711
3s78 6.4685
3skk 4.4685
3atp 4.4486
3pqz 4.4559
3tsz 4.4559
3tvw 4.4318
3axz 3.4295
3art 4.4318
3pxf 4.4318
3pxq 4.4318
3rtm 4.4157
3rsx 4.4112
3mxy 6.4148
3ryy 7.4202
3rqf 4.4089
3n23 8.5229
2l8j 5.5229
3arr 5.3979
3qkd 8.3768
3tww 5.3768
3zyb 5.3768
3q6k 8.3665
3oj8 8.3565
3ay9 8.3420
3m6p 8.3468
3arx 5.3279
3tv5 5.3188
3s72 6.3979
3n35 3.3655
3zxe 3.3468
3lrh 7.3468
2ydw 7.3372
3ry8 3.3372
3atv 5.3363
3aya 4.3279
3q5u 4.3125
3m6q 7.3188
3tpu 4.3188
3qt7 7.3098
3qxv 8.3979
3s74 8.3979
3pma 5.3979
3atu 8.3010
3pcu 5.2941
3r24 5.2526
3ao1 2.2596
3twx 5.2596
3tdj 5.2518
3ueu 5.2358
3qxh 5.2366
3ao5 2.2291
3zyh 4.2882
2yel 7.2798
3arg 7.2596
3q4l 7.2596
3tdh 4.2596
3p3r 7.2514
3ta1 3.2457
3p3t 7.2372
3ayc 4.2441
3zqe 4.2291
3p9l 5.3010
3ppo 5.3010
3ri1 5.3010
3q71 5.2218
3rth 5.2147
3ov1 5.2041
3t7g 5.1993
3twr 5.1938
3rz8 8.1739
3tc5 5.1675
3b27 5.1612
3aru 3.2218
3i8t 3.2218
3m96 7.2218
3qem 7.2218
2yek 7.2125
3q4j 6.2125
3are 6.2097
3odl 7.2147
3s77 7.2147
3arf 7.1938
3zqi 7.1938
2lh8 4.1847
3ayd 4.1871
2xj2 7.1805
3qfd 4.1675
3qzv 4.1612
3ppp 5.2218
3qxt 5.2218
2xrw 5.1487
2xs0 5.1487
2lct 5.1385
3tao 5.1379
3ryx 8.1367
2yaz 5.1367
3sow 5.1367
2yk1 8.1308
3ozj 5.1135
3ujb 5.1024
3zvy 5.1024
3q8h 4.1549
3t4n 4.1427
3mam 4.1192
3o56 9.1002
2ygf 5.0937
3o4l 5.0915
3qyy 5.0830
3m94 5.0757
3ao4 2.0706
2xm1 5.0706
2yge 5.0645
3sxu 5.0506
2lk1 4.0862
3rlp 7.0757
3p0g 10.0757
3r42 4.0757
3ryv 7.0655
3q4k 7.0506
2xxt 8.0458
3aje 5.0315
3smq 5.0223
3tfk 5.0132
3s76 5.0458
3s0d 7.0458
3ay0 3.0410
3po1 4.0223
3s3k 4.0101
3qzt 4.0044
3zxz 8.3979
2xpk 11.3010
3rti 7.3665
3u8n 10.1739
3pbb 7.0223
2xwd 6.9586
3r4n 6.8861
3mv0 3.8539
3n76 6.8539
3pe2 9.7570
3pe1 9.6517
3pwd 6.6576
3ozp 6.6198
3tu1 6.6021
3pb9 6.5817
3opr 6.5850
3qox 6.5686
3ama 6.5272
3ppm 9.5376
3pr0 9.5376
3sr4 6.5376
3sm2 9.6990
3o9f 12.6990
3muz 3.4559
2y59 6.4437
2xog 3.4318
2ybu 6.3768
2xoi 3.3372
3o64 9.3979
3mg4 9.3010
3p8n 9.2757
3opp 6.2757
3nzk 9.2676
3mg0 9.2518
3rf4 6.2518
3o9g 12.3010
3o9b 12.3010
2xy9 9.1871
3amb 6.1805
3rwp 9.2218
3o0g 6.2218
2ya7 3.1427
3qfy 6.1249
3aox 9.0809
3o9h 12.0969
2xwe 6.0223
3zq9 6.0223
3o9c 12.0458
3r4m 5.9208
2y7x 8.8861
3u8m 8.8861
3zze 8.8861
3qgw 5.8861
3o9i 11.8239
3oaf 8.7959
3mbz 5.7959
2ya8 5.7520
3pb7 5.7406
3m3z 5.7328
3p8o 8.7235
3oy0 7.9957
3oyq 7.9872
3t82 6.9957
3slz 6.9914
3t83 6.9788
3t84 6.9747
3sio 8.0000
3qs1 7.9586
3t85 7.9469
3pn1 6.9586
3svj 6.9318
2l8r 3.9234
3r4p 7.9586
3n87 4.9586
3old 5.9014
2xpc 3.9031
2ydv 7.8601
3oe5 6.8794
2y55 3.8729
3mg6 7.8861
3olg 7.8447
3ole 7.8327
3pn4 6.8539
3sm1 5.8410
2y5g 6.8356
3ohi 4.8539
2xyd 6.8239
3ai8 3.8114
3s2v 6.8041
3q2m 3.7986
3prs 7.8239
3n2p 7.8239
3o99 10.8239
2y5h 5.7905
3qgy 7.7959
3o5n 4.7645
3oim 6.7447
3p3g 9.7447
3nb5 7.7447
3ps6 7.7447
3o9d 10.7212
3nw9 9.0000
3ui7 9.0000
3ucj 6.0000
3qk0 8.6990
3sn8 5.6498
3t19 8.6576
3u8k 8.6576
3rf5 5.6253
3n86 5.6383
3qce 5.6021
3qcf 5.6021
3qaa 11.5376
3n7a 3.6990
3th9 7.6990
3o9a 10.6990
3oil 5.6778
3tsd 3.6615
3mzc 6.6459
2yhd 4.6383
3sjf 7.6383
2xm2 4.6198
3p58 7.5952
2y77 6.6021
3t8v 6.5850
3prz 7.5850
3rup 1.5686
3n8n 4.5686
2xxr 6.5528
3pjg 3.5482
3qvu 3.5482
3ni5 7.5528
3t8w 7.5376
3sl0 2.6990
2x2i 8.6990
2y5f 8.6990
2y81 8.6990
2y7z 8.6990
2ya6 5.6990
3ml5 8.5229
2ydt 5.5229
3tza 5.5017
3u8j 8.5086
3b1m 8.4815
3n3j 8.4815
2xyf 8.4437
3tam 8.4318
3str 8.4023
2ydo 7.5100
3rlr 7.5229
3sw8 4.4987
3p17 4.4763
3nyd 3.4815
3qxm 7.4815
3oe4 7.4685
3shj 7.4685
3ocz 7.4559
3rwq 7.4559
3zuk 7.4559
3pfp 6.4437
3mmf 7.4318
2xys 7.4202
3qvv 4.4202
2xxw 6.4089
2xxx 6.4089
3r17 6.4089
3sx4 8.5229
3ldq 5.3645
3t1a 8.3665
3qt6 5.3665
3ns7 8.3298
2xye 8.3372
3qiy 5.3372
3sw2 8.3270
3qak 8.3233
3q1x 5.3279
3p5l 7.3893
3snc 4.3874
3o3j 6.3979
3pn3 6.3979
3rlq 7.3979
3snb 4.3847
3oli 7.3809
3u9q 4.3799
3mna 7.3872
3sh1 7.3872
2y71 7.3716
2y4a 4.3768
3q43 7.3665
2y76 6.3565
3oku 6.3565
3rt8 6.3458
3rtf 7.3468
3ozs 5.3330
3pww 7.3188
3q44 6.3098
2y82 8.3979
3sww 8.3979
2yjq 5.2840
3u1i 5.2518
3pb8 5.2405
2xyt 6.2931
3n0n 7.3010
3r16 7.3010
4a1w 7.3010
3tfu 3.2840
3o7u 7.2840
3rx5 6.2676
3qfz 3.2441
3okv 6.2291
3s3v 6.2269
3rv4 2.3010
3o9e 11.3010
3st5 11.3010
3pgl 5.3010
3qiz 5.2147
3tjm 5.1965
3qj0 5.2007
3roc 8.1938
3rx8 6.2147
3n0h 6.2097
3o0j 7.1871
3q2j 4.1798
3ps1 10.1739
3oik 6.1675
3ljz 8.1367
3s9e 5.1290
3ozr 5.1535
3rt6 7.1549
3sna 4.1383
3ozt 4.1255
2x2r 7.1180
3r4o 8.1549
3tu7 8.0878
2yfx 8.0862
3p9h 5.0605
3u8l 8.0506
3loo 6.0655
3po6 7.0590
3lox 8.0969
3p4v 5.0969
3rx7 6.0269
3n4b 7.0177
2y80 8.0458
3ml2 8.0458
3oys 8.0458
4d89 8.6990
4at3 8.3979
4az3 8.3010
4emv 8.3010
4a7c 8.2218
3tyv 8.0969
4a4o 8.0458
3uh4 7.9586
3vw9 7.9586
4at4 7.9208
4a4l 7.8239
4fny 7.7959
4fnz 7.7959
3vqs 7.7496
4hcu 8.0000
4gh6 7.6778
3vrv 10.5376
2yer 7.6990
3qu0 7.6990
3qxp 7.6990
4gcj 7.6990
3zxr 7.6990
4dfn 7.6990
4dk7 7.6990
4b1d 7.4949
3rde 7.4559
3uvp 7.4559
4at5 7.4202
4az0 7.4202
3u2k 7.5229
4dij 7.5229
4d88 7.3098
3zxv 7.3098
3v5q 7.3979
4hgt 7.3979
3vg1 7.2596
4d83 7.2596
4a4x 7.2291
3tki 10.3010
3qtz 7.3010
4avg 7.2218
4afe 7.1367
4hct 7.1367
4b1c 7.1024
3rpv 7.1549
3qtx 7.1549
3qtu 7.1549
3tv8 7.1549
4eny 7.0506
4aof 7.0969
4heu 10.0132
3vru 10.0000
2ym7 6.8861
3rak 6.8861
4awk 6.8861
4d85 6.8539
3voz 6.8539
4hki 6.8539
3uix 6.8210
2ydi 6.8239
3ufl 6.8239
4g2f 6.7959
4dce 6.7595
4b4g 6.7570
4hlm 6.7696
4dvi 6.7167
2yex 10.0000
3ral 7.0000
4b4m 6.6882
3ttj 6.6778
4h39 6.6778
4e96 6.6576
4e8z 6.6383
3umx 6.6198
4efu 6.6021
4ea3 9.5686
4ge5 6.5686
4eox 9.5528
4fcd 9.5528
4frj 6.5528
3rk7 6.6990
4hlg 6.5086
3u8h 6.4949
3tnh 6.4559
4dgn 6.4559
3vjk 9.4318
3vjm 9.4318
4b5b 6.4123
3rkb 6.4202
3v8t 9.5229
4hcv 6.3979
3vrw 9.3872
4a16 9.3665
2ym5 6.3665
4e5h 6.3665
3zzh 3.3565
3uwo 6.3565
4hl5 6.3468
3u8d 6.3279
3ur9 6.3098
4g31 9.3979
4e26 6.3979
4alg 6.3010
4h3a 6.2924
3rk9 6.2840
4abu 6.2840
4enx 6.2596
4hld 9.3010
3t4v 6.3010
4a9m 6.3010
4aaw 6.3010
4f63 6.3010
4b14 6.2218
4hmh 6.2076
3qtw 6.1871
3v8s 6.1871
4dfl 6.1739
4an3 9.2218
4f4p 9.2218
3s9z 6.2218
4e5d 6.2218
3tn8 6.1308
3v6s 9.1249
4akn 6.1024
3u18 6.0915
4e8w 6.0915
4f49 6.0862
4abv 6.0706
4hlf 6.0605
2ym6 6.0555
4gw8 6.0555
3uok 9.0969
3saz 6.0969
4ge2 6.0458
4h38 6.0362
4gg5 9.0315
3qtr 6.0315
3ugc 6.0237
3tt0 9.0458
4an2 9.0458
4aqc 9.0458
3u8w 9.0000
2ym3 6.0000
3udq 6.0000
3uh2 6.0000
3ue4 8.9586
3sad 5.9586
4awg 5.9586
4hlh 5.9586
4hlk 5.9586
4hkn 5.9586
4fod 8.9208
4hdc 8.9208
3vqh 5.9208
4dgm 5.9208
3r6t 5.8639
3vf3 5.8633
3rin 8.8861
3v66 8.8861
4b71 5.8861
3vsx 8.8539
3r9n 5.8539
4ehm 5.8539
2ym4 5.8239
4a9n 5.8239
3vyf 8.7959
4f6v 5.7959
4acf 5.7959
4dcd 5.7520
3qw7 5.7447
4dk8 5.7447
4gz3 5.7447
3vf9 8.7212
4h3c 5.7212
4a6w 5.7212
4a6v 5.7212
4awm 5.7212
4hbx 5.7212
4b12 4.9914
4gto 7.9788
3v5j 7.9626
4fhi 7.0000
3vbv 5.0000
3vp3 4.9547
4gtp 7.9431
4g34 7.9318
4ac3 3.9586
4hv3 3.9393
3rwi 6.9355
3t0m 3.9355
4e93 6.9281
3udr 4.9586
3unj 4.9586
4a9i 4.8996
4gts 7.8928
4h1j 5.9208
4gsy 6.9208
4hn2 6.8894
3u4i 3.8894
3q92 7.9208
3rah 7.9208
4ael 7.9208
4g55 4.9208
3azb 4.9208
3ntp 4.9208
3s00 4.9208
3vsw 6.8861
3ti1 3.8861
4fgz 2.8697
4ajw 5.8554
2ym8 7.8861
3uzp 7.8861
3v04 7.8861
4eg4 7.8861
4ehr 7.8861
3twj 7.8386
4d9p 3.8386
3ril 3.8356
4edy 5.8297
3ua8 7.8539
3vw6 7.8539
4avu 7.8539
4dfw 7.8539
4fs3 7.8539
4e5f 4.8239
3vf8 6.8239
3sgt 3.8239
4egi 3.8239
4eh4 2.8142
3vv6 3.8041
3uph 7.8239
3qqk 4.8239
3unk 4.8239
4hup 4.8239
4dh6 7.7747
3sdk 6.7959
3rwj 7.7959
3s3i 7.7959
4a9r 7.7959
4aa5 7.7959
3vv8 4.7670
3vi2 3.7696
4hlc 6.7595
3s1h 4.7696
3tiy 4.7696
3vbx 4.7696
3ztx 7.7352
3vp4 4.7305
4anx 7.7447
4anw 7.7447
4azy 6.7033
4fzg 7.7212
3tkm 9.0000
4dei 9.0000
3s9i 5.6990
3udy 5.6990
4b13 5.6990
3vi5 5.6778
3s68 8.6576
3vnt 8.6576
4bbf 8.6576
3sh0 5.6576
4ee0 8.6308
4g9c 8.6383
4b11 5.6383
4dmn 5.6383
4b00 8.6126
4f65 8.6021
3vrt 8.5686
4awf 5.5686
4fri 5.5452
3rwg 8.5528
4fcb 8.5376
3r8v 5.5376
4hkk 5.5376
3upf 6.6990
4d8i 6.6882
3uxm 4.6990
4huo 4.6990
4e5g 4.6716
3sz1 4.6615
3qa2 6.6778
3v1r 7.6778
4anu 7.6778
3qi1 7.6576
4hbv 4.6383
4a9c 4.6055
4hej 4.6198
3udj 3.6162
3vc4 7.6198
4avw 7.6198
4awo 7.6198
4ec4 7.5952
4dea 6.5918
3v01 7.6021
4g19 3.5825
3sd5 6.5817
4hkp 4.5482
4anm 7.5528
4dhf 7.5528
3vby 4.5528
4eh3 3.5346
3avf 3.5302
4d8c 8.6990
4aa7 5.6990
4h4m 8.5229
4h2o 5.5229
3uol 8.5086
3qtq 5.5086
3qts 5.5086
3sgx 5.4949
3vp1 5.4815
3rik 2.4685
3t3y 5.4685
4fli 5.4449
3uhm 8.4437
4bbe 8.4437
4drp 5.4089
4dro 5.4089
3r0w 4.5229
3qw6 3.5229
4hv7 3.5229
3rwf 6.5157
3tv7 7.5229
3t0l 4.5229
4af3 7.5086
4hni 7.4949
3udk 4.4949
3vbg 7.4815
3s0o 4.4815
3udm 4.4815
4eh6 2.4595
4h71 4.4489
4aa0 7.4559
4fhh 7.4559
3sgv 4.4559
4deb 6.4306
4d8a 3.4248
3vqu 7.4318
4aq3 7.4318
3vbt 4.4318
4ded 7.4179
4fpf 4.4101
4gtv 7.4202
3ava 4.4012
4afj 6.4001
3vb6 4.4089
4e3f 2.5229
3umw 8.5229
4foc 8.5229
3rk5 5.3979
4ere 8.3768
4ebv 5.3768
4el9 5.3595
4hby 5.3565
3v3v 5.3372
3vb5 5.3372
3vv7 5.3372
3sdi 8.3279
4b3u 5.3279
3rpy 5.3188
3sqq 5.3188
4h2j 5.3188
4hbw 5.3188
4ddl 8.3098
3vi7 7.3936
4acu 7.3904
4dpf 6.3979
3vyd 6.3915
3rwh 7.3979
3v4v 7.3768
3av9 3.3615
3rwe 7.3665
4eg6 7.3665
4anv 6.3556
4an9 7.3565
4ewo 7.3565
4ez3 4.3468
4eeh 4.3468
4eg7 7.3372
4hco 4.3244
3vbq 9.3279
4awq 6.3197
3tkh 7.3279
3uqp 7.3116
3r8z 4.3098
3vb4 4.3098
3vb7 4.3098
3s4q 8.3979
4fzc 8.3979
4dus 8.3010
4fll 5.2890
3t4h 5.2840
4eb9 8.2676
4flk 5.2534
4di2 8.2596
3sb0 5.2596
3vjl 8.2518
3rjc 5.2441
4drm 5.2366
4drn 5.2366
3qbn 8.2291
4ehv 2.2922
4eh7 3.2840
4b95 4.2840
4h36 4.2725
4gb9 6.2676
4eh9 2.2634
4egh 3.2596
3veu 7.2596
4e1m 7.2596
3th8 6.2518
3ua9 7.2518
3u4h 4.2518
3uqr 7.2426
4fpk 4.2411
3uwk 4.2366
4f8h 4.2366
4dt6 7.2291
4e3d 2.3010
2ydj 8.3010
3rvg 8.3010
3tyq 8.3010
4ejn 8.3010
4fob 8.3010
4hgs 8.3010
3r8u 5.3010
3udp 5.2218
3up7 8.2147
4h2m 5.2147
3u6j 8.2076
4anb 8.1805
4h3b 5.1701
4aac 8.1739
3rni 5.1739
4ask 7.2218
4a9u 7.2218
4deh 6.2132
4a9s 7.2147
3vid 6.2076
4eyj 6.2076
4eh8 2.2043
4f64 7.2000
3avl 4.1818
4ega 7.1871
4e1n 7.1739
4azt 4.1675
4eh2 3.1599
3tti 8.2218
3upi 8.2218
4deg 8.2218
4e20 8.2218
4gtt 8.2218
3vbw 5.2218
3v5l 8.1549
4dbn 8.1549
3udn 5.1549
4flj 5.1278
3aza 5.1308
3rwc 8.1192
3vye 8.1135
4em7 5.1135
4hai 8.1024
3v6r 6.1494
4a9t 7.1549
4esi 4.1549
4hnf 6.1481
3r9d 4.1487
4aw5 6.1163
4acx 7.1101
4dpi 7.1079
4h1m 7.1079
2ydk 8.1549
4erw 8.1549
4e4x 8.1549
3vp2 5.0958
3qai 8.0969
3qw8 5.0969
4edz 8.0830
4f6x 5.0862
4drk 5.0778
4exg 8.0706
3v8w 8.0655
4ebw 5.0605
4dgg 6.0969
4eh5 3.0872
4awp 7.0915
3rmf 4.0862
4daw 7.0809
4ec0 6.0731
4gdy 7.0757
3avb 4.0696
4eft 4.0706
4aml 2.0969
3uyt 8.0969
4eg5 8.0969
4frk 8.0969
4hgl 8.0969
4ejf 5.0969
4aa4 8.0458
3v4j 5.0410
4dgr 5.0410
4gtm 8.0362
3v49 8.0177
3rwd 8.0044
3t0t 7.0410
4eym 4.0055
4d8e 7.0088
4e4a 2.0458
4b74 7.6576
4asj 7.5528
3uug 4.5086
4dy6 4.3979
3s8x 7.3010
4b73 7.2076
4ajn 7.1612
4arw 7.1308
4daf 7.1192
3u15 7.1079
4ajo 7.0315
4fcq 6.9957
4eki 10.0000
4dew 7.0000
4i47 6.9208
4al4 6.8861
3rul 6.8539
3s9t 6.8239
4gy5 6.8239
3uib 6.7959
4b2d 3.6990
4gui 3.6383
3uzc 9.6055
3v3q 6.6021
4dkq 6.6021
4h75 6.6021
4db7 6.5638
3sax 6.5686
4a4v 6.5421
4aqh 6.5376
2lcs 6.6990
2lkk 6.6990
4ewn 6.6990
4dkr 6.5229
4fut 6.5086
4b5s 3.4949
4gby 3.4559
4glr 9.4559
3ask 6.4318
3v3l 6.4318
3u0t 9.5229
4dve 9.5229
4dko 6.5229
3v7d 6.3872
3tay 3.3768
4f3h 6.3768
3ui2 6.3665
3t6b 6.3565
3t6j 6.3565
3tpx 9.3468
4b0b 3.3279
4b5t 3.3279
4b5w 3.3279
4der 6.3098
4erf 9.3979
4fcr 9.3979
4eu0 6.3979
4f20 3.2939
4d8z 6.2924
3vhd 9.2840
4ay5 6.2676
4dj7 6.3010
4euv 6.3010
4etz 6.3010
4dma 6.1871
4aq4 6.1675
4gbz 3.1135
2y9q 6.1549
4e8y 6.0915
3sfg 6.0630
4h5e 6.0655
4euc 6.0969
4gah 6.0969
4glw 6.0969
4e34 6.0132
4g0p 3.0088
4guj 3.0458
4ara 6.0458
4g69 5.9788
4fm8 5.9747
3uil 6.0000
3uza 8.9355
4dst 2.9586
4ai5 2.9208
3vhc 8.8861
4arb 5.8861
2lnw 5.8539
4des 5.8539
3udh 2.8539
2liq 5.8539
3ual 5.8097
4dsu 2.8239
3que 8.8239
2llo 5.8239
2llq 5.8239
3r5n 5.7773
2ll7 8.7959
3v31 5.7959
3asl 5.7620
4b4q 5.7545
4ekg 8.7696
3rum 5.7696
4fxq 5.7696
3ut5 5.7447
4gao 5.7447
4abk 5.7212
4dkp 5.7212
4dn0 5.7212
3qbc 4.9666
3zsq 4.9626
4aza 6.9872
2y6s 6.9872
4es0 6.9872
4av0 6.9805
4agm 3.9788
4agn 3.9706
3uxg 3.9626
3t0x 8.0000
4g8l 8.0000
4f1q 4.9508
4dmw 4.9431
4e9c 5.9586
4dai 6.9586
2lo6 3.9469
4hbm 7.9208
4g8m 7.8928
4f14 4.8884
3u6w 6.9208
2yim 3.9208
3uyr 6.8962
3au6 7.9208
3sbi 7.9208
4g68 7.9208
4aj4 3.8861
4dgb 3.8861
3u3u 6.8752
4ab8 3.8665
3zt3 2.8617
3uoh 7.8861
4djs 7.8861
2lsk 4.8861
3ttn 7.8447
3r0y 4.8377
3zt2 2.8431
4ago 4.8097
4gkc 6.8239
4fl3 3.8239
4aba 3.8153
4eqf 6.8097
3zt4 2.8041
3qn7 6.8041
4ahv 1.8239
3uo6 7.8239
4e6c 4.8239
4fys 4.8239
2lzg 7.7721
4ajl 3.7959
3unz 7.7959
4glx 7.7959
4de7 4.7959
4ds1 4.7471
4fn5 6.7620
3uvq 7.7696
2y1n 4.7696
3ud7 4.7423
4auy 7.7375
3vjc 7.7235
3v30 3.7352
4flp 6.7210
4a4w 7.7212
4egk 7.7212
4fvq 6.0000
4fvr 6.0000
4det 5.6778
3u0p 5.6778
4deu 5.6402
4dru 8.6198
4f9g 5.6198
4htp 5.6198
4eqj 5.5986
3udv 5.5935
2yhw 5.6021
2yhy 5.6021
3r5t 8.5768
2lgf 5.5686
3ubd 5.5376
3v78 5.5376
4agp 4.6861
4gwi 3.6946
4e9d 7.6990
3ud9 4.6737
4aje 3.6778
4aia 3.6576
4fl2 3.6576
4agl 3.6478
2yme 7.6576
4gq4 7.6576
4avi 7.6271
3umq 4.6180
4a4c 3.6126
4dbm 7.6198
3tcy 4.6198
3tk2 4.6198
3u90 4.6198
4abf 4.6198
4ad3 4.6198
4g0a 7.5969
2lbv 7.5850
3sap 7.5850
4fnn 7.5654
3ztc 4.5575
4abg 3.5670
4esg 5.5588
4aji 3.5528
3ued 4.5287
3uo4 6.5243
4exz 7.5376
4b76 4.5376
4bd3 4.5376
3rqw 2.6990
4eo6 8.6990
4g0q 2.5229
3ttm 8.5229
3u51 5.5086
3tz4 5.4949
4ah9 2.4559
3run 5.4437
4f5y 5.4318
2lyw 4.5229
4gzw 4.5229
4dcy 4.5200
2lp8 7.5157
4dcx 4.5031
4abb 4.5086
4emr 7.4935
4e67 6.4815
4epy 3.4685
4aft 6.4660
3t2w 7.4559
4f3i 7.4425
4avj 7.4377
4fmu 6.4437
4b4n 3.4413
4ffs 10.4437
4hcz 4.4437
4axd 4.4318
2yi5 7.4089
3uo5 7.4089
3tct 8.5229
3ud8 5.3840
4f7v 5.3809
2ltx 5.3872
3so6 5.3872
3tgs 5.3872
2lty 5.3768
3tif 5.3768
4g0k 5.3665
4ef4 5.3546
4ep2 5.3536
3r7o 8.3565
3u3z 5.3565
2ltz 5.3468
3r8i 5.3468
3v2x 5.3468
3zyr 5.3372
3rzi 5.3279
2yi7 8.3188
4g0y 2.3019
3v2o 5.3098
4abe 3.3979
3re4 7.3979
3up2 7.3979
3vha 7.3979
3unn 4.3979
3va4 4.3979
4abd 4.3979
4aj2 2.3768
3uvu 7.3768
4ede 7.3768
4fi9 7.3410
3r5m 4.3401
4azf 6.3468
2yq6 7.3468
4a2a 4.3468
3uvx 4.3363
4gwk 3.3372
4ab9 3.3316
3uod 7.3098
4ahu 2.2676
3tkw 5.2676
3zrc 5.2676
3ug2 8.2518
2lsr 5.2441
3tz2 5.2441
4e81 5.2366
4fk7 5.2366
4b1j 7.3010
3t0w 7.3010
3upk 4.3010
4i3z 4.2899
3zsx 3.2848
3uoj 7.2924
4fl1 3.2840
3sbh 7.2840
3tzd 4.2840
4fak 4.2840
4aoc 4.2692
4gq6 7.2757
4ewr 6.2668
4ery 7.2676
3v3b 7.2596
4efg 7.2596
4fm7 7.2441
4avh 7.2255
2ltw 4.2233
3zsy 3.2255
3upv 5.3010
4g0z 2.2125
4a6s 5.2007
3t4p 5.1918
4ahs 2.1938
4ahr 2.1871
4g0l 5.1871
4duh 5.1805
2ynn 5.1675
3uvw 5.1675
2ltv 5.1612
4fqo 5.1612
4av5 7.2147
3uec 4.2097
4ad2 6.2041
4g8n 7.2007
3rg2 4.2007
4gzx 3.1904
3tsk 7.1739
4b9w 4.1675
2ymd 3.1593
4aci 2.2218
3u2q 8.2218
4b0j 2.1487
2yi0 8.1249
2y8o 5.1249
3zso 5.1192
4f1l 5.1192
4aze 8.1079
4eej 7.1549
4abh 4.1487
3th0 4.1203
3ttp 9.1249
4erq 7.1249
4ajk 3.1135
4aj1 3.1135
3v4t 4.1135
3udd 7.1024
4eo8 8.1549
4dcs 5.0969
3tb6 5.0757
4b0c 2.0706
2yfa 5.0706
4f8j 5.0655
4fxp 4.0947
4aom 7.0706
2loz 4.0630
4fem 4.0607
4dxg 7.0605
4erz 7.0555
3u3f 5.0969
3tz0 5.0362
3usx 5.0209
4dow 5.0177
3uda 5.0128
3vje 8.0132
4agq 5.0132
4av4 7.0255
4fxz 7.0255
3ztd 4.0168
4fe9 3.0043
4b8y 8.0458
4fmq 5.0458
3uzd 5.0458
4euo 5.0458
4a7i 8.6990
4djr 11.5229
4aoi 8.3979
4ap7 7.9586
3vdc 4.9208
3utu 10.9208
3uw5 7.8539
3vd4 4.8239
4amy 10.8239
4gid 10.7696
3uw4 7.7696
4ase 11.0000
4agc 10.6990
3t5u 7.5850
4djp 10.5528
4an0 10.6990
4e7r 7.6990
3vd7 4.4815
4dq2 7.5229
4az2 7.3279
4djq 10.3188
4an1 10.2596
3t0b 4.3010
4e3n 10.3010
4app 7.1938
3uz5 7.2218
3tfv 7.0969
4bbh 7.0969
3v7s 7.0458
3vd9 4.0000
3sud 9.8539
4amz 9.8239
3t09 3.7959
4b7q 9.7447
4djv 6.7212
4ayw 4.0000
3t2q 3.6576
4acg 9.6576
2yfe 6.6271
3s54 9.6383
3s53 9.6383
4b7r 9.6383
3s56 9.6198
3t2p 3.6021
4ax9 9.5686
3tfn 6.5686
4afh 9.5376
4e3m 9.6990
4fk6 9.6990
3t64 6.6990
3t60 6.6990
4fns 6.6990
4djh 9.4949
4gfd 9.4815
3tfp 6.4685
4fea 6.4685
3s9y 6.4437
4ea1 6.4437
4ea2 6.4437
4ewh 9.5229
3pwk 3.3468
3vf5 9.3372
4a4q 9.3979
2y8c 6.3979
4asd 9.2840
4djw 6.2757
4dv8 9.2366
3vh9 6.2366
4fkk 9.3010
3t70 6.3010
3vfa 9.1871
4b9k 6.1739
4ayv 9.1675
3su3 9.1308
3vf7 9.0969
3sue 9.0757
4e3k 9.0969
3t08 3.0410
3vfb 9.0362
4e4n 9.0458
4e3b 6.0458
3t3e 5.9914
3u6h 9.0000
3v5p 8.9586
4ag8 8.9586
4de1 5.9586
4e3j 8.9208
4e6d 8.9208
3zvt 5.9208
3zv7 5.9208
4gqq 2.8861
3sx9 8.8861
4e3i 8.8861
3u9c 5.8861
4de0 5.8861
4e28 5.8861
4do5 5.8297
3qqs 5.8239
4dld 5.8239
4e9u 5.8239
4b7n 8.7825
2yiv 2.7799
4ge9 8.7959
4g8v 5.7959
4a95 5.7620
3qdd 8.7696
4e4l 8.7696
4frs 8.7696
3v7c 5.7375
4ei4 8.7447
4dfg 11.7447
3t3h 5.7122
3ts4 8.7212
3shc 5.7212
3tne 5.7212
4e3g 4.9747
4b6o 7.0000
4fai 6.9944
4fbe 6.9944
3ump 2.9889
4aa2 3.9706
4a6l 8.0000
4ehz 8.0000
4b7j 7.9547
3u7n 7.9508
3uxk 4.9318
4hge 7.9245
4gqr 3.9586
3twp 3.9245
3uuo 7.9586
3veh 4.9586
3sv8 7.9136
4a50 7.9136
3t3d 4.9069
4gk7 7.9031
4b5d 7.8928
3zvw 3.9031
3umo 3.8894
4a6c 7.9208
4g0c 7.9208
3rv8 4.9208
3rv9 4.9208
3si4 3.8788
3spf 3.8601
4gzp 7.8447
4b6r 5.8477
3sut 7.8539
3rv7 4.8539
4eu3 0.8239
3r88 4.8239
3t03 6.7959
3su0 6.7905
4dkt 4.7959
3t3i 4.7696
4gzt 7.7696
3tzm 7.7696
4e5j 4.7282
4a51 6.7310
3tvc 7.7447
3qs8 4.7447
4f39 5.7033
3r6c 4.7212
3u6i 9.0000
3uri 9.0000
4flh 9.0000
4h3f 9.0000
4h4b 2.6990
4f1s 8.6990
4fcf 8.6198
4hf4 8.6198
4ddy 5.6198
3s43 8.5969
3sxf 8.6021
3t3u 8.6021
4efs 8.6021
3u78 5.6021
3sha 5.5850
3v7x 8.5686
3uxl 5.5686
3uzj 5.5498
3v51 8.5528
4f09 6.6990
3su1 6.6819
3uwl 3.6819
4acc 7.6990
4fsl 7.6990
3suw 4.6990
4gkh 4.6676
4acm 6.6778
3rv6 4.6778
3qtv 4.6478
4ach 7.6576
4e5w 7.6576
3st6 3.6198
4e35 4.6198
4dfu 4.6003
4g8y 4.5884
4f08 6.6021
4dfb 4.6021
3vhk 4.6021
4bc5 4.6021
4b05 7.5834
3su5 5.5792
3sym 4.5670
3suf 7.5560
3rbm 6.5686
4fs4 6.5686
2lsp 3.5622
3rr4 4.5521
4b6q 7.5528
3suv 4.5528
3vdb 2.5186
4e3l 8.5229
3t6y 5.5229
4de3 5.5229
3s45 8.4895
3t3g 5.4855
4dju 5.4437
3u7s 8.4318
4g3g 8.4318
4fev 5.4202
4agd 8.4089
4g90 4.5114
4eky 3.5186
4e3o 6.5086
4el0 4.4895
3u92 7.4841
4ej2 2.4943
4eke 4.4763
4e0w 7.4815
4dhl 4.4815
3sv6 7.4634
4gki 4.4634
4abj 7.4685
4ge6 7.4685
3u7m 7.4547
3qw5 6.4461
4dff 7.4559
4i8n 4.4559
3u81 4.4437
4dsy 4.4318
4ek9 4.4202
4exs 4.4089
3s5y 7.4078
3uxd 4.4056
3suu 8.5229
3t3v 8.5229
4h1e 8.5229
4h3i 8.5229
4djo 11.5229
4en4 5.5229
4aph 5.3979
4a6b 8.3768
4g3e 8.3768
3t0d 2.3665
3tcp 8.3665
4du8 5.3665
4dpy 5.3665
4el5 5.3665
4e6q 8.3565
4g3f 8.3565
4acd 8.3098
3tll 4.3890
3zzf 0.3979
4fse 7.3979
4dt2 4.3665
3su2 7.3487
4eo4 6.3468
3s6t 7.3468
3u93 6.3063
4dk5 8.3979
4e5i 5.3002
3tt4 8.2757
4djy 8.2676
4fjz 6.2933
4dpt 7.3010
4eoh 4.3010
4do4 7.2924
3u7l 7.2807
4alx 7.2840
3qwc 4.2565
3su4 6.2565
4ha5 7.2366
4djx 7.2291
3t3c 10.2291
4afg 8.3010
4few 5.2076
4abi 8.2007
4gg7 8.2007
3uu1 5.2007
3s1g 5.1871
4ayy 8.1739
3sug 6.2076
3v7t 7.2076
3qx5 4.1972
3sv2 4.1938
3si3 4.1593
3v5t 8.2218
4h3g 8.2218
4ge7 8.1487
3upx 8.1249
3uf9 2.1090
4ge4 8.1135
4e49 5.1135
3syr 5.1024
3v4x 6.1549
3axk 4.1549
3sur 4.1549
4exh 6.1475
3sus 4.1487
3tvx 4.1427
3qto 4.1261
3sm0 6.1308
3v5g 7.1308
4b6p 7.1308
4de2 4.1192
4e0x 7.1192
4aa1 4.1192
3axm 5.0706
3vbd 8.0655
4b9z 4.0894
3sv7 6.0846
3u7k 7.0711
3vw7 8.0969
4dds 5.0132
4e3h 7.0458
4h3j 7.0458
4f9u 6.0250
4f9v 6.0250
3su6 6.0186
4b6s 6.0132
4gjd 8.5229
4jsr 8.3979
4c4g 8.2218
4i7c 8.2218
4jt9 8.1427
4jr5 8.1549
4i1c 8.0969
4i9i 8.0969
4bky 7.9208
4mq1 7.9208
4bzo 7.8861
4mz4 7.8861
4hvs 7.7959
4ijp 7.7959
4gmc 7.7447
4jik 7.7447
4hhz 7.7212
4bty 7.6990
4c4i 7.6576
4jje 7.6383
4c4e 7.6021
4hyf 7.6021
4c4f 7.5850
4bkz 7.5686
4g17 7.5376
4bnu 7.6990
4bnx 7.6990
4cby 7.6990
4l02 7.6990
4bqw 7.4815
4jt8 7.4815
4i6q 7.5229
4bnv 7.5229
4ivs 7.3565
4idv 7.3979
4k69 7.3979
4hys 7.2596
4bo2 7.3010
4bo1 7.3010
4cbt 7.3010
4nb6 7.2218
4hw7 7.2076
3zov 7.2218
4lyn 7.2218
4btw 7.1487
4ju3 7.0706
4jve 7.0655
4j3e 7.0555
4lxm 7.0555
3w55 7.0969
4bo5 7.0969
4mq2 7.0132
4gjc 7.0458
4li6 6.9747
4bo7 7.0000
4bfy 6.9208
4bo8 6.9208
4jg7 6.9208
4bo4 6.8861
4g16 6.8539
4n3r 6.8239
4j0a 6.7959
4l7f 6.7959
4jzf 6.7570
4gj7 6.7696
4i10 6.7696
4j0t 6.7352
3zm5 6.7447
4bo6 6.7447
4h58 6.7167
4msg 10.0000
4mt9 10.0000
4gs8 7.0000
4i7d 7.0000
4idt 7.0000
4bo0 6.6990
4k4f 6.6990
4lh5 6.6990
4j08 6.6576
4j51 6.5867
4bie 6.6021
4bib 6.6021
4bnz 6.5850
4byj 6.5686
4krs 6.5243
3w54 9.6990
4bti 9.6990
4jjs 6.6990
3zm6 6.5229
4bo3 6.5229
4bo9 6.5086
4brx 6.4949
4d8s 6.4949
4ju4 6.4685
4jg6 6.4437
4i5p 6.4237
4j0s 6.4179
4j0r 6.4134
4m5o 6.4202
4bqx 6.5229
4ez5 6.5229
4i12 6.3915
4mwv 9.3979
4ff8 6.3979
4mwr 9.3872
4j0y 6.3615
3vs3 9.3665
4i0f 6.3468
4mk5 6.3468
4lkm 6.3372
4i0z 6.3279
3vva 9.3188
4i31 9.3188
4jj7 6.3979
4kio 6.3002
4bw3 6.3010
4jda 6.2924
4cfw 6.2924
4jju 6.2924
3wix 6.2676
4l6q 6.2676
4inu 9.2596
4bfz 6.2596
4li5 6.2596
4c35 6.2518
4mcc 6.2518
3wd2 6.2366
4iqu 6.2366
4ikr 6.2291
3vtb 9.3010
4btu 9.3010
4hzx 9.3010
4i4e 6.3010
4kil 6.3010
3wiy 6.2147
4i0d 6.2147
4ir5 6.2147
4jwr 6.2147
4b72 6.2007
4bw4 6.2007
4gw6 6.2007
4i4f 6.1938
4ikt 6.1739
4ju6 6.1739
4ju7 6.1739
4b6c 6.1612
3zc6 9.2218
4dwk 6.2218
4jj8 6.1367
4mk2 6.1367
3zeb 6.1308
4hzt 6.1249
4li7 6.1135
4j1h 6.1101
4gvm 6.1079
4iqt 6.1079
4mwq 9.1024
4hxm 6.1024
4bsq 9.1549
4kp6 9.0915
4lkl 6.0862
4ir6 6.0757
4inb 6.0506
3zlq 6.0438
4ii9 6.0315
3vuc 9.0458
4ivt 5.9957
4jv7 6.0000
3zmi 5.9519
3zot 5.9519
4i6b 5.9318
4k3l 2.9586
4bdt 8.9586
3zm4 5.9586
4bqy 5.9586
4feq 5.9586
4azp 5.8996
4bw1 5.8996
4mti 8.9208
4mxa 8.9208
3zki 5.9208
4gja 5.9208
4l3p 5.9208
4hzw 8.8827
3zlk 5.8794
4hy5 8.8861
4mcv 8.8861
4btt 8.8447
4bzn 5.8413
3vo3 8.8539
4hvd 8.8539
4j6i 8.8539
4mu7 8.8539
4gsc 5.8539
3zlo 8.8239
4mcb 5.8239
4ght 5.7773
4g2w 8.7959
4gk2 8.7959
4int 5.7959
4mzj 5.7959
4iku 5.7471
4ibm 5.7447
4jv9 5.7447
4hhy 8.7167
4jht 4.9914
4m5r 3.0000
4i7f 7.0000
4iz0 4.0000
4dr9 8.0000
4kfp 8.0000
4mb9 8.0000
4b78 5.0000
3zmj 4.9314
4bdc 4.9318
4lc7 4.9281
4l34 6.9431
3w5e 7.9586
4g2j 7.9586
4jbs 7.9586
4m4q 7.9586
4m5u 7.9586
4j04 4.9586
4kb8 7.8894
3wfg 6.9208
4kc1 2.9136
4jx7 6.9101
4j4o 6.9031
4men 3.9031
4kqq 3.8996
4kqr 3.8996
4fz6 6.8962
4dvf 6.8928
4lqy 3.8894
3vtd 7.9208
4j1f 7.9208
4kmu 7.9208
3ukr 4.9208
4b81 4.9208
4j4n 6.8794
4bnt 3.8611
3vtc 7.8861
3wax 7.8861
4j1k 7.8861
4kbc 7.8477
4l0s 6.8386
4l32 6.8356
3zo4 6.8268
4bjc 7.8539
4gk4 7.8539
4i0r 7.8539
4jzr 7.8013
4bde 4.7986
3zlx 3.8041
4b0g 7.8239
4bfp 7.8239
4bgg 7.8239
4ie5 4.8239
4l31 6.7905
4kqo 6.7799
2ly0 4.7959
4mk1 4.7959
4hvg 7.7696
4c38 7.7595
4alu 7.7696
4g1f 7.7696
4ke0 7.7696
4m3q 7.7696
3wav 6.7447
4mx0 6.7335
4dwb 5.7352
4dv9 6.7235
4ipf 7.7447
4kjv 7.7447
4hvh 7.7212
4c37 7.7055
4c36 7.7033
4bb4 6.7212
4jrg 6.7077
3zlw 3.7033
3w2r 7.7212
4j1e 7.7212
4im0 7.7212
4hyh 9.0000
4iwd 9.0000
4ktc 9.0000
4l8m 9.0000
4mk8 9.0000
4mka 9.0000
3zo1 6.0000
4awi 6.0000
4jql 6.0000
3wc5 8.6990
4jlg 8.6990
4lgu 8.6778
4hxl 5.6576
4lnf 2.6198
4mzl 5.6198
4ke1 8.6021
4btl 5.6021
4ezl 8.5850
4mx9 8.5850
4inr 5.5850
4hy4 8.5686
4bda 5.5686
4ie6 5.5528
4mbl 8.5376
4dtt 5.5376
4hy0 6.6990
4nie 7.6990
4fic 4.6990
4l2g 6.6778
4mww 3.6680
4jr3 6.6615
4bjb 6.6596
4j3m 7.6778
4hww 6.6517
4bdi 3.6426
3way 7.6576
3wd1 7.6576
3zep 7.6576
4bjx 7.6576
4b84 4.6576
4l0v 6.6326
4eyr 6.6253
3zmg 7.6383
4ixu 7.6383
4kiq 7.6383
3wbl 4.6383
4ixv 6.6198
4fxj 3.6198
4nrc 3.6180
4jbo 7.6198
4jp9 7.6198
4k4e 7.6198
4kn7 7.6198
4meq 3.6021
4la7 6.5735
4i0t 7.5850
4i11 4.5654
4l0i 6.5654
4alw 7.5686
4dhr 4.5686
4j0v 7.5528
4l53 7.5528
3w2t 7.5346
4joa 7.5376
4jrv 7.5376
4lww 7.5376
4j53 8.6990
4lgh 8.6990
4lxa 8.6990
4n4v 8.6990
4i7b 5.6990
4bcb 8.5229
4mwu 8.4895
4ehe 8.4949
4ie4 5.4815
4jmu 5.4685
4lge 8.4559
3w1f 8.4353
4bdk 5.4437
4ezj 8.4202
4hbp 8.4202
3zly 3.5229
3zlv 3.5229
3zbf 7.5229
4gvu 7.5229
3w5t 4.5229
4ith 6.4991
4g2l 7.4949
4kbi 7.4949
4kb7 7.4949
4bcd 7.4815
3wab 7.4685
4lh7 4.4685
4joo 4.4338
4bdd 4.4330
4l2k 6.4437
3w33 7.4437
4i0s 7.4437
4k8s 7.4437
4kw6 3.4271
4itj 6.4234
4nrb 4.4202
3zls 4.4045
4jq7 6.4056
4bae 8.5229
4c4j 8.5229
4gv1 8.5229
4hyi 8.5229
4izy 8.5229
4j52 8.5229
4jnc 8.5229
4jnm 8.5229
4l6s 8.5229
4lgg 8.5229
4jlh 5.3979
4hxs 5.3872
4hxr 5.3872
4hlw 5.3768
4kz0 5.3768
4k3k 2.3526
3wiz 8.3565
4lts 8.3565
4mvh 8.3468
4ie2 5.3468
4j06 5.3372
4eev 8.3279
4htx 8.3279
4i33 8.3279
3wi6 5.3279
4mcd 5.3279
4mep 5.3279
4kin 8.3188
3v3m 5.3188
4mzk 5.3098
4mbc 6.3979
4j1i 7.3979
4b80 4.3979
4bek 4.3851
4jbp 7.3872
4ln7 7.3872
4b82 4.3872
4mk7 6.3615
4iti 6.3570
4idz 4.3565
4bj9 7.3468
4jib 7.3468
4k2y 3.3279
4fyo 7.3279
4jpe 7.3188
4kc2 3.3072
4j1c 7.3098
4ksq 7.3098
4m84 7.3098
4n4t 7.3098
4b7z 4.3098
4bgh 8.3979
4jai 8.3979
4l52 8.3979
4lxk 8.3979
3zmh 5.2784
4j3d 8.2757
4jaj 5.2565
3wc7 8.2596
4j70 5.2441
4bic 7.3000
4fgy 6.3010
4hze 6.2933
4kai 7.3010
4mot 7.3010
4j0p 7.2924
4bhz 4.2716
4j17 7.2676
4l0l 7.2676
4m6p 7.2676
4au8 6.2588
4gk3 7.2518
4k60 3.2441
4kn4 7.2441
4bi0 4.2321
3waw 6.2366
4kc4 3.2336
3w69 7.2366
4i32 7.2366
4l2f 6.2255
2yoj 8.3010
4i6f 8.3010
4i6h 8.3010
4jzd 8.3010
4jvi 5.3010
4kba 8.2218
4ixh 8.2147
4m6q 8.2147
4ifh 5.2147
4hyu 8.2076
4mds 5.2076
4bhn 8.2000
4bw2 5.2000
4ezk 8.2007
4b70 5.2007
4fxf 5.1871
4kbk 8.1805
3zim 8.1675
3w2s 8.1612
4anq 6.2182
4hxq 7.2218
4mbj 7.2147
4is6 6.2027
4ark 7.2007
4msk 7.2007
4ehg 7.1938
3wff 6.1805
3w2q 7.1805
4l0t 7.1805
4l0b 7.1739
4i06 7.1739
4klb 4.1643
4hvi 7.1618
4bi1 4.1605
4bs4 8.2218
4bs5 8.2218
4c4h 8.2218
4kju 8.2218
4iks 5.1409
4aua 5.1427
4bdj 5.1427
4li8 8.1249
4bio 5.1192
4gj6 5.1192
3vry 8.1135
4bid 8.1002
4b77 5.1024
4kzl 6.1549
3uli 7.1549
4l10 7.1487
4fgx 7.1367
4jsc 7.1308
4mwx 7.1209
3w32 7.1249
4mgv 7.1249
4bdg 4.1180
4bdh 4.1146
4k9h 7.1192
4j0z 7.1135
4lh6 4.1135
4c66 4.1002
4do3 4.1024
3rtp 8.1549
4alv 8.1549
4l33 8.1549
4jze 8.1549
4kip 8.1549
4mbi 8.1549
4b83 5.1549
4kzc 8.0862
4hzz 8.0804
3wd9 8.0809
4ie0 5.0809
4i5m 8.0555
4jkt 7.0947
3zo2 7.0969
4bdf 4.0910
3w2p 5.0915
3w2o 5.0757
4bdb 4.0675
4l09 6.0706
4b85 4.0555
4mwy 7.0477
4e90 8.0969
4eqc 8.0969
4jq8 8.0969
4ie7 5.0458
3vzv 8.0362
4muw 8.0132
4hg7 7.0458
3wi2 7.0362
4bi2 4.0264
4jpc 7.0269
4bfd 7.0177
4ie3 6.0088
4l7g 4.0031
4bcc 8.0458
4byi 8.0458
4mk9 8.0458
4lop 8.1549
4loq 8.1549
4avt 8.0555
4f7l 8.0000
2yns 7.6021
4kln 7.6990
4fil 7.4685
4f6w 7.5229
4gpk 7.5229
4ly1 7.2581
4ggz 10.1805
4i9h 7.1675
4bg6 7.1612
4cfe 7.2218
4fr3 7.1549
4ko8 7.1549
4hy9 7.0969
4f7n 7.0969
4kom 7.0000
4k9y 6.9547
4i54 6.9586
4jyb 6.9586
4loh 6.9586
4hpy 9.9208
3wdz 6.9208
4g4p 6.8861
4bcq 6.8327
4b8p 6.8539
3zke 6.7959
4lkg 6.7959
4loi 6.7696
4lxz 6.7399
4lg6 6.7447
4lrh 9.7212
2rt5 6.7212
4lwc 6.7212
4lhv 10.0000
4jyc 6.6990
4lkj 6.6990
4iuo 3.6383
4btk 6.6198
4gqp 9.6021
4li0 6.5850
4iax 9.5638
2m3z 6.5686
4jgv 6.5686
4iue 6.5528
4io2 6.6990
4nj3 6.5229
4gv8 6.4949
4kon 6.4815
3zh8 6.4672
4b7p 9.4609
4hyb 6.4559
4n07 6.4559
4jfk 6.4437
3zll 6.4034
4ezo 6.5229
4loj 6.5229
4cff 6.3979
3w07 3.3768
4b33 3.3665
3v2p 6.3565
4i67 6.3468
4b32 3.3372
3zk6 6.3372
3w9k 6.3188
3v2q 6.2924
4n6h 9.2840
4jbl 3.2676
4f0c 6.2676
3zlr 9.2596
3ux0 6.2596
4b2l 3.2441
4hwb 9.2441
4kii 6.2291
4ddh 3.3010
4e1k 6.3010
4bqg 6.2218
4mjo 6.2218
4k6i 6.2013
3zcw 6.1871
4nmx 6.1805
4fht 6.1739
4jff 9.2218
4f6u 6.1549
4b34 3.1367
4k4j 6.1238
4m7c 6.1249
4hp0 6.1192
4irx 6.1192
4kao 6.1135
4hmk 6.1024
4hod 6.1024
4mz5 6.1024
4de5 3.1549
4fzj 3.1549
4fmn 6.0969
4jnj 9.0706
4io3 6.0605
4l50 6.0555
3v2n 6.0969
4c4n 6.0969
4hbn 6.0969
4km0 6.0410
3zkf 6.0177
4g5f 3.0458
4kqp 6.0458
4az5 5.9914
4ch2 5.9872
4nkt 5.9666
4b2i 3.0000
4ezw 6.0000
4bgy 2.9586
4dlj 5.9208
4lkk 5.9208
4kne 5.8996
4ef6 2.9208
4azc 5.8601
4jn4 5.8601
4jne 5.8601
4b35 2.8861
3zos 8.8861
4hva 5.8861
4jv8 5.8477
4km2 5.8447
4l4v 5.7825
4ksp 8.7959
4ezx 5.7959
4k3p 5.7959
2ynr 5.7696
4g5y 2.7696
4f70 5.7399
4lps 5.7447
4bkj 8.7212
4br3 5.7212
4i9o 5.7212
4iut 5.7212
4iuv 5.7212
4knm 8.0000
4jfl 4.9788
4bxu 7.0000
4bcs 6.9872
4i7l 3.9872
4att 6.9805
2m0v 5.9670
4ceb 2.9666
4ht0 8.0000
4knj 7.9547
4bup 4.9508
4lbp 4.9431
4ido 4.9344
4i9r 6.9508
4bi6 3.9458
4mr3 5.9423
4mr4 5.9423
4k3q 3.9389
4fcm 3.9393
4j2t 7.9586
4c73 4.9172
4c0r 4.9136
4apo 4.9101
4igt 7.8928
4i2w 3.9179
3zhf 3.9208
3wde 6.9066
4bh3 1.9208
3wdc 7.9208
4hs8 7.9208
4i2z 4.8697
4ipj 4.8697
3w5n 3.8697
4ijl 3.8697
4i9u 3.8633
4hpi 4.8477
4aif 4.8416
3vvy 4.8356
4luv 2.8539
4k3h 6.8539
4bt9 3.8431
4kn1 6.8416
4cgj 2.8356
4ieh 7.8539
4ikn 4.8539
4j7e 4.8539
4io6 4.8210
4c1m 7.8013
4aq6 4.8013
4bks 3.8239
4ear 9.8210
3vx3 7.8239
4j8b 4.7932
4as9 4.7878
4kni 7.7773
4knn 7.7773
4ad6 4.7773
4kox 4.7721
4i9s 6.7905
4bqt 5.7852
4klv 3.7817
4j8t 6.7747
4j3l 7.7959
4au7 4.7645
3vw2 4.7471
4j86 3.7673
4jg0 6.7645
4kov 3.7528
4bgx 1.7696
4kax 4.7696
4auj 7.7375
4ayu 4.7305
4fz3 3.7345
4f9y 6.7352
4kby 6.7305
4j22 7.7447
4mm5 7.7447
4ih6 4.7447
4gvc 4.7144
4ljh 4.7122
4hfz 5.7212
3vzg 1.7212
4k0o 3.0000
4bb9 6.0000
4b3c 2.6778
4b3d 2.6778
4jn2 11.6778
4l4z 5.6778
4iuu 5.6536
4ezy 5.6459
4jin 5.6421
3zi8 5.6576
4gs9 5.6576
4i8x 2.6383
4dli 5.6198
4lno 2.6198
4jx9 8.6198
4dzy 5.6198
4jiz 5.6198
4bqh 5.5884
4iur 5.5800
4kmz 8.5686
4fmo 5.5317
4hj2 2.5302
4ba3 5.5376
4nxu 5.5376
4j84 4.6904
4lar 4.6840
4j8r 7.6990
4j7d 4.6990
4j93 4.6990
4luz 4.6990
4del 7.6757
3vw1 4.6737
3vw0 4.6737
4nku 4.6716
4io7 3.6757
4jv6 6.6635
2ypo 4.6778
4l58 4.6778
4j78 4.6478
4i1r 4.6459
4izm 6.6576
3vws 3.6478
4io8 6.6421
4aw8 7.6576
4g8o 7.6576
4g8r 7.6576
4hso 4.6576
4jg1 6.6345
4m1d 7.6383
4io4 4.6108
4bkt 3.6198
4c6u 4.5918
4c6v 4.5918
4b3b 3.6021
4mr5 6.6003
4mr6 6.6003
4k3r 3.5865
4jal 4.6021
3vvz 4.5784
4bi7 4.5784
3wb5 4.5719
4gvd 4.5702
4j74 4.5850
4j73 4.5575
4jjm 7.5686
4igk 4.5498
4k3m 3.5510
4ht2 6.5376
4gng 3.5376
4mmf 6.5302
4hu1 7.5376
4hnn 5.6990
4nk9 8.5086
4i9c 5.5086
4f6s 5.4895
4efk 2.4949
4ifi 5.4763
3zdv 5.4815
4jfm 5.4815
4gne 2.4685
3zln 8.4685
4j77 5.4685
4n7j 5.4685
4n7m 5.4685
4ddm 2.4559
4gw5 5.4559
4kot 5.4559
4ksy 8.4214
4b60 5.4318
4kmd 5.4134
4nxv 5.4202
4fgt 5.4067
4igq 4.5214
4g93 3.5229
4hs6 7.5229
4j81 4.4962
4nka 6.5067
4i7p 3.4989
4mme 6.4976
4jfe 4.5086
4avs 3.4921
4eoy 6.4868
4bh4 1.4949
4l6t 7.4949
4kp8 5.4776
4azi 7.4490
2lyb 4.4559
3wb4 4.4365
4k3o 4.4353
4jfx 6.4437
2m0u 6.4377
4jfd 4.4437
4ge1 6.4318
4k67 3.4295
4jpy 4.4318
4mnq 4.4318
3zm9 7.4202
4j21 7.4089
4jvb 7.4089
2ypp 4.4089
4b8o 8.3979
4btm 5.3872
4ej8 5.3872
2m0o 5.3768
4kod 5.3595
4jck 2.3665
4lkf 5.3665
4lke 5.3665
4k19 8.3565
4b9h 5.3468
4lkd 5.3468
4jwk 8.3197
4ipi 5.3188
4ipn 3.3886
4kn0 7.3979
4hfp 7.3768
4gw1 6.3665
4mm4 6.3655
4gu9 4.3665
4j82 4.3546
4gu6 7.3565
4nbn 4.3565
4gnf 3.3468
4cc2 4.3325
4cc7 4.3325
4ayq 7.3279
4ijh 4.3279
4i7j 3.3188
4kow 4.3072
4bea 8.3010
4dx9 5.3010
4bj8 8.2899
4ddk 2.2924
4e70 5.2790
4gxl 5.2840
4lp6 8.2708
2lsv 5.2668
4l1u 5.2636
4j2c 5.2518
4idn 5.2388
4f7j 5.2351
4kfq 8.2321
4hmq 8.2366
4gue 5.2366
4ih7 5.2366
4jc1 4.3010
4kn2 7.2676
4k66 3.2565
4ib5 6.2521
4k0u 7.2596
4azb 7.2389
4luo 3.2366
4hiq 8.2076
4jr0 8.2007
4ezr 5.2007
4ezq 5.2007
4lk6 5.2007
3vfq 5.1938
4ezz 5.1938
4k5y 8.1739
4n5d 3.2168
4gny 4.2218
4k63 4.2218
4jmx 7.2069
4ht6 6.2076
4igr 7.2007
4j8g 4.1904
2lya 4.1871
4nra 4.1871
4nks 7.1681
4jkw 4.1555
4jpx 5.1549
4h85 5.1549
4ejl 5.1427
4ezt 5.1308
4h81 5.1249
4cdr 5.1024
4c1t 7.1500
4lw1 3.1487
4jfz 7.1487
2mc1 4.1487
4cc3 4.1397
4i7m 4.1427
4cgi 3.1238
4ayp 6.1221
2lto 3.1135
3wdd 6.1079
4kzq 6.1035
4ih5 4.1079
4azg 7.1021
4loo 8.1549
4ly9 8.1549
4his 8.0915
4h7q 5.0555
4c94 5.0506
4c1u 7.0915
4ghi 7.0915
4kp5 6.0794
2m41 5.0969
4h3q 5.0969
4iho 5.0969
4jym 5.0434
4lk7 5.0410
4io5 5.0329
4np9 5.0269
4mz6 5.0168
2m3m 5.0164
4btb 5.0088
4i7k 3.0434
3vfj 7.0410
4kab 4.0315
3ueo 4.0269
3w0l 7.0223
4k8a 4.0223
4l51 3.0022
4ayr 7.0044
3zjc 5.0458
4k1b 11.5229
4gbd 11.3188
4gih 8.3188
4kb9 11.0000
4fp1 4.5686
4gmy 7.5528
4jk5 7.5528
4fxy 7.5376
4gd6 7.3768
4hw2 7.2596
4lmn 10.3010
4jk6 7.1938
4gfm 7.2218
4gs6 7.1487
4hra 10.0969
4bny 7.0969
4hvb 9.9547
4bcm 6.9101
4imz 6.9208
4bco 6.8827
2yol 6.8861
3zcz 6.7696
4ew3 6.7447
4hgc 10.0000
4ivc 10.0000
4m1j 9.6990
4isu 3.6778
4ew2 6.6778
4gfo 6.6198
4gql 9.5850
4gr0 9.5528
4btx 6.5376
4hw3 6.4949
4da5 6.4437
4ivd 9.5229
4ca5 9.3872
4bt4 3.3372
4ks2 9.3372
4hev 6.3372
4mss 6.3979
3v0p 6.2757
4inh 6.2518
4hnc 3.1739
4jia 9.2218
4m0e 6.2218
4mdn 6.2218
3zmm 9.1427
4bt3 3.1192
4mf1 9.1549
4eos 6.0506
4eol 6.0506
4eon 6.0506
4eoi 6.0506
4eop 6.0506
4az6 9.0969
4hws 9.0969
4jh0 9.0269
4baq 9.0088
4i72 9.0458
4hxz 6.0458
4bps 2.9914
4bam 8.9431
4k18 8.9586
4heg 8.9208
4bak 8.9136
4hz5 5.9208
4kyh 5.9208
4mdq 5.9208
4gpl 5.8861
4iu0 5.8861
4gj3 8.8539
4i5c 8.8239
4ks1 8.8239
4f3c 11.8239
4imq 5.8239
4bt5 2.7645
4m0f 8.7696
4j45 5.7696
4j44 5.7282
4gii 8.7447
4ish 8.7212
4ivb 8.7212
3zcl 7.9957
4mo8 7.9957
3zn0 4.9706
4in9 4.9706
4k5o 3.9830
4jjf 8.0000
4jyu 8.0000
4bxk 7.9504
4f9w 6.9431
4bcj 7.9586
4k3n 7.9586
2yoh 4.9586
4jsa 4.9586
4k5l 4.9586
4j47 4.9201
4i8w 10.8962
4k5n 3.8962
4bcn 7.9208
4j5p 7.9208
4ele 7.8794
4ks5 6.8861
4mjp 3.8827
3wjw 3.8729
4axm 7.8861
4gr8 7.8327
4ivk 3.8539
4iic 4.8539
4gr3 7.8097
4eb8 9.8210
4m48 6.8069
4k0y 7.8239
4n6z 7.7959
4hla 10.7959
4hwp 7.7645
4c6x 3.7560
4jyv 7.7696
4jfi 4.7423
4ca6 6.7447
4hwr 6.7399
4i71 7.7447
3zmz 4.7447
4kyk 4.7447
4i73 6.7212
4i74 6.7212
4k5m 3.7144
4mjq 3.7144
4n70 12.0000
4bah 8.6968
4j28 5.6990
4jfj 5.6778
4kp0 8.6498
4j48 5.6180
4ban 8.6144
4iid 5.6198
4gj2 8.6021
3vtr 5.5664
4kww 5.5528
4hwo 8.5376
4mm6 6.6882
4mm9 5.6840
4ca8 6.6778
4n99 3.6655
3zpr 6.6498
4bch 7.6576
4hzm 4.6345
4i80 7.6234
4mm7 3.6280
4k77 6.6289
4lch 10.6198
4bds 7.6021
2yof 4.6021
4j03 7.5850
4amw 1.5482
3zmt 4.5467
4n98 3.5528
4mjr 3.5482
3zn1 4.5361
4hy1 8.6990
4hxw 8.6990
4jjg 8.6990
4k6z 8.6990
4bs0 5.6990
3v0l 5.5229
3zpt 8.5086
4hdf 8.4949
4m2r 8.4949
4he9 8.4559
4jft 5.4559
4j26 5.4389
4hdp 7.5100
4c70 3.5157
4lh3 1.5229
4lpf 3.5086
4kzu 6.5045
2yog 4.5086
4ccd 4.4949
4bvb 4.4763
4h42 3.4672
4k5p 3.4622
4c6z 3.4473
3znr 7.4437
4m2v 7.4437
4c71 3.4157
3zns 7.4089
4bao 8.3675
3zpu 8.3768
4iie 2.3372
4giu 5.3279
4bbg 8.3188
4ks3 6.3665
4ca7 7.3565
4lvt 10.3565
3zdh 7.3468
3zmu 4.3045
4bck 8.3979
4ij1 5.3979
3zps 8.3010
4elb 8.3010
4f2w 11.3010
4j46 5.2807
4mfe 2.2676
4jfs 5.2676
4jsz 2.3010
4eor 6.3010
4jss 3.3010
4iwz 7.2924
4m2w 7.2840
3zmv 4.2596
4bcp 6.2457
4lh2 1.2366
4iq6 7.2366
4lxd 7.2291
4gfn 8.3010
4lko 8.2218
4amx 2.1871
3w37 5.1752
4iif 5.1805
4gkm 5.1675
4elg 8.1612
4bqs 4.2076
4n9a 4.1938
3zpq 7.1701
4iva 7.1649
4f3k 10.1612
3zbx 8.2218
4bci 8.2218
4hym 8.2218
4lrr 5.2218
4isi 8.1367
4gly 5.1135
4ks4 7.1427
3zc5 7.1308
4kx8 7.1308
4kxb 4.1249
2lwi 3.1118
4mm8 6.1090
3zdg 7.1024
4bcf 8.1549
4bcg 8.1549
4n5t 8.1549
4elh 8.0862
4c72 5.0862
4mf0 8.0757
4hdb 8.0506
4i8z 11.0506
4kvm 5.0506
4eok 5.0655
4m2u 8.0410
4elf 8.0269
4mma 6.0362
4n6y 7.0362
4jhz 6.0191
4kql 8.7696
4o12 8.6990
4c61 8.3979
4mqu 8.3979
4mha 8.2840
4jps 8.3010
4l4l 8.3010
4lwu 8.3010
4d0x 8.0969
4ncg 7.9586
4mzs 7.9208
4n9e 7.8239
4n9d 7.7212
4l4m 8.0000
4u45 8.0000
4n8e 7.6990
4d1s 7.6576
4lwi 7.6383
4lwh 7.5686
4d0w 7.6990
4k2g 7.6990
4nld 7.6990
4nw5 7.6990
4tw9 7.6990
4tyt 7.6990
4oon 7.5229
4j3j 7.5086
4kwp 7.4949
4d2v 7.4318
4wwo 7.4202
4twc 7.3979
4nxs 7.3665
4knb 7.3279
4k2f 7.3979
4oty 7.3979
4whh 7.3979
4o0z 7.2441
4cl9 7.3010
4kpx 7.3010
4pis 7.2218
4c1e 7.1427
4o10 7.1079
4lwe 7.1549
4mro 7.0605
3wch 7.0506
4piq 7.0969
4j1p 7.0458
4oas 10.0000
4pzw 6.9586
4op1 6.8894
4tn2 6.9208
4wwp 6.9208
4uvc 6.8827
4o76 6.8861
4tkg 6.8539
4ool 6.8539
4cku 6.8239
4ow0 6.8239
4w9s 6.8239
4wlb 6.7447
4ode 10.0000
4odf 10.0000
4ogn 10.0000
4ogt 10.0000
4phw 10.0000
4o1l 6.6990
4q6r 6.6778
4cc6 6.6383
4pnk 6.6021
3wcl 6.5850
4mzo 6.5670
3wci 6.5686
4tkf 6.5452
4clb 6.5528
4o9s 6.5528
3wt5 9.5376
4ps5 6.5376
4pl3 6.5376
4mib 9.6990
4q1n 9.6990
4m7b 6.6990
4mex 6.6990
3wym 9.5229
4uv8 6.4750
4tjy 6.4353
3zmq 6.4437
4oya 6.4437
4cik 6.4318
4m8t 6.4318
4o1b 6.4145
4pvt 6.5229
4m3b 6.3979
4whl 6.3979
4u79 6.3979
4tki 6.3809
4cqg 9.3872
4psq 6.3565
4pnr 6.3410
4lq3 6.3468
4okg 9.3188
4bg1 6.3098
4ovz 6.3098
4pvo 6.3098
4oba 9.3979
4c7t 6.3979
4uyh 6.3010
4qt0 6.2924
4wj5 6.2924
3wnt 6.2757
3wnr 6.2757
4m3g 6.2596
4m3e 6.2518
4pjt 9.2441
4oq5 6.3010
4bgm 6.2147
4lp9 6.2076
4jvq 6.2007
4olc 6.1938
4umu 6.1871
4c68 6.1675
4uzd 9.2218
4j5b 6.2218
4umt 6.1427
4l7d 6.1249
4cxw 6.0915
4pni 6.0915
4qn7 9.0757
4pv0 9.0706
4wwn 6.0706
4nau 9.0605
4o4r 6.0555
4n1t 9.0969
4tjw 6.0164
4uv9 6.0110
4m3m 9.0458
4w7t 6.0458
4urk 5.9626
4d2t 6.0000
4o72 6.0000
4pzx 6.0000
4op2 5.9296
3wns 5.9586
4j5d 5.9586
4n1b 5.9586
4p0w 5.9586
4hrc 8.9208
4p0v 5.9208
4p0x 5.9208
4qye 5.9208
4ux6 5.9208
3wke 8.8861
4cli 8.8861
4lqg 8.8861
4qyh 8.8861
3wgw 5.8861
4msu 5.8477
3wyl 8.8539
4bis 5.8539
4j59 5.8539
4nak 5.8539
4pnm 5.8539
4k9g 5.8239
4pnt 5.8239
4u03 5.7721
4u0m 5.7721
4u0n 5.7721
4oyb 5.7959
4uva 5.7496
3wt7 8.7471
4d09 8.7696
4j3i 5.7447
4knr 5.7447
4nhx 5.7212
4obz 5.7212
4c1c 4.9706
4bpj 6.0000
4nrt 6.0000
4rfy 7.0000
4ckr 6.9788
4qtd 5.9666
4d08 8.0000
4o2e 8.0000
4qg7 8.0000
4lv4 5.0000
4o7c 5.0000
4p74 5.0000
4pnq 5.0000
4waf 5.0000
4j5e 4.9431
4cxy 4.9281
4n8d 4.9245
4og7 6.9431
4nru 6.9393
4pp7 7.9586
4oym 4.9586
4pl5 4.9586
4ot6 5.9208
4na4 6.9208
4mwe 5.9097
3wk7 3.8962
4p6e 5.8894
3wv2 7.9208
4qga 7.9208
4l7o 4.8794
4mwc 5.8665
4u93 7.8861
4o0j 4.8861
4o7f 4.8861
4l7n 4.8416
4pkt 4.8268
4w9q 6.8539
4o91 6.8268
4u6r 7.8539
4lq9 4.8539
4ok6 4.8539
4pkr 4.8182
4pks 4.8182
4m7x 4.8041
4lm5 6.8239
4c8r 6.8153
4q9s 3.8069
3we4 7.8239
4no9 7.8239
4o13 7.8239
3wk5 4.8239
4jln 7.7773
4umr 3.7959
4hnp 6.7838
4mw6 5.7752
4p7e 4.7570
4l23 7.7471
3wkd 3.7670
4md6 7.7696
4obp 7.7696
4oho 7.7696
4i9z 7.7399
4cfm 4.7399
4ph4 7.7447
4o71 4.7447
4kpz 2.7100
3wkc 3.7100
4og6 6.7055
4mw2 6.7033
4mw1 7.7212
4nan 4.7212
4o70 4.7212
4o7a 4.7212
4oyi 4.7212
4wh9 3.0000
4o6e 9.0000
4qgg 9.0000
4qgh 9.0000
4rio 9.0000
4uwk 9.0000
4l7l 6.0000
4occ 8.6990
4cxx 5.6757
4d2p 5.6778
4p0n 8.6576
4l70 5.6576
4l7u 5.6576
4nal 5.6576
4l7b 5.6383
4nhy 5.6383
4tpm 8.6198
4txe 5.6198
4qlt 8.6021
4o77 5.6021
4tpp 8.5850
4tx6 5.5850
4tk0 5.5528
4u5j 5.5331
4x7i 7.6925
4pyv 6.6990
4o4k 3.6990
3wf7 6.6861
4mx1 3.6799
4o7b 4.6990
4uy1 4.6990
3ws8 6.6778
4rrs 6.6778
4o75 4.6778
4pkw 4.6478
4jlm 7.6440
4p73 7.6576
4c1f 4.6326
4k6v 4.6308
4cfv 4.6271
3wf8 6.6345
4nw7 6.6253
3wyk 7.6383
4bfr 7.6383
4lng 5.6198
4nnw 6.6126
3w8o 7.6198
3wv3 7.6198
4o1d 7.6198
4pid 4.6198
4nrp 4.5875
4muk 6.5969
4o74 7.6021
4otg 7.5850
4rro 7.5850
4nnn 6.5686
4lnb 6.5607
4no1 7.5686
4mvw 7.5528
4ohm 7.5528
4mx5 4.5528
4oz3 4.5528
4mvy 7.5376
4o28 7.5376
3wka 4.5376
4nwk 8.6990
4o15 8.6990
4rce 8.6990
4j5c 5.5229
4pnl 5.5229
4ctj 2.5058
4uvb 5.4868
4knx 5.4949
4jpa 8.4815
4nvq 8.4815
4c5w 5.4815
4oq6 5.4815
4osf 5.4437
4tju 5.4437
4cqe 8.4318
4p2t 5.4318
4pnc 5.4318
4lwt 5.4089
4m3d 5.4089
4pku 4.5229
4og5 6.5200
4ngh 7.5229
4mw4 6.5003
4d2w 4.5086
4ok5 4.5086
4mwb 6.4895
4myq 7.4949
4tk5 7.4949
4w7p 7.4949
4mra 4.4750
4n7e 6.4815
4nat 6.4815
3wf6 7.4815
4d2d 3.4685
4bhf 3.4647
4nrq 3.4594
4r6v 7.4522
4npv 7.4559
4ohp 7.4559
4urn 4.4559
4ov5 7.4330
4qls 7.4437
4wsk 6.4299
4o2f 6.4123
4oar 10.4202
4pl0 4.4034
4qtc 6.4001
4mw0 7.4089
4qsm 7.4089
4r02 7.4089
4tlr 8.5229
4uwh 8.5229
4wcu 8.5229
4p1r 8.3872
4qyg 8.3872
4umq 5.3768
4oow 5.3665
4rcp 5.3546
4c1d 5.3565
4pyq 5.3565
4k6w 5.3468
4wgi 5.3468
4o78 5.3372
4m7y 5.3188
4qag 5.3188
4csj 8.3098
4m3f 5.3098
4rfz 7.3979
4oti 7.3665
4clz 4.3665
4qqc 7.3439
4mw5 7.3468
4pm0 7.3468
4wsj 7.3298
4nk3 6.3325
4nhc 7.3372
4mao 7.3279
4j8m 7.3188
4rrn 7.3188
4nah 6.3098
3wk8 4.3098
4nw6 8.3979
4px6 8.3979
4ra5 8.3979
4rcf 8.3979
4uyn 8.3979
4o5b 8.2984
4o55 5.2984
4n1u 8.3010
4wn1 8.2924
4u0g 5.2924
4l1a 8.2684
4pl4 5.2676
4pkv 5.2518
4o7e 5.2441
4mh7 5.2291
4url 6.3010
4ojq 3.3010
4rg0 7.3010
4cqf 4.3010
4o5g 4.3010
4o43 4.3010
4o24 4.3010
4pf3 7.2924
4bgk 6.2840
4w9n 4.2620
4lmu 7.2596
4q9z 7.2596
4to8 1.2449
3wf9 6.2464
4og8 7.2518
4mvx 7.2441
4od9 7.2366
4kcg 8.3010
4nus 8.3010
4ohk 8.3010
4olh 8.3010
4qo4 8.3010
4wki 8.3010
4nuf 5.3010
2mlm 5.2140
3wk6 5.2007
4mk0 5.2007
4qlq 8.1805
4mxc 8.1739
4lte 7.2218
3wkb 4.2147
4nrm 3.2021
4wz8 7.2076
4wbo 4.2000
4p90 7.1938
4py1 7.1938
4obq 7.1871
4q1s 4.1681
4bpi 6.1739
4fc0 7.1612
4qgf 7.1612
4lwv 8.2218
4u0i 8.2218
4pce 5.1549
4c1g 5.1427
3wk4 5.1308
4l7c 5.1308
4pci 5.1249
4p6g 8.1135
4puz 8.1135
4no8 7.1549
3wk9 4.1549
4ok3 4.1487
4jlj 6.1274
4wk7 7.1308
4r5n 7.1192
4rj6 7.1192
4ia0 7.1135
4obo 7.1135
4no6 6.1079
4uyd 4.1000
4lxb 8.1549
4ona 8.1549
4op3 8.1549
4uwf 8.1549
4uwg 8.1549
4qlu 8.0809
4twd 5.0809
4cfx 5.0605
4c1h 4.0947
4p75 4.0969
3wf5 7.0915
4p72 4.0862
4u6y 7.0809
4v25 7.0757
4oc6 7.0706
4nwm 8.0969
4oq3 8.0969
4p10 8.0969
4u44 8.0969
4ogv 8.0458
4n00 8.0223
4rlk 5.0223
4rll 5.0223
4l7r 5.0177
4bhi 7.0458
3ws9 7.0362
4tpt 7.0362
4rj3 7.0315
4mw9 7.0177
4uzh 5.0088
4pmt 6.0013
4oth 8.0458
4urm 8.0458
4nb3 7.6576
4qyy 7.3010
4mo4 4.2218
4w97 7.0969
4ncm 7.0000
4cg8 6.9586
4po0 6.9208
4u0e 6.9208
4wm9 6.9208
4u0s 6.8013
4nzo 6.7696
4w9h 6.7328
4oyk 6.7447
4o0a 6.7212
4usj 4.0000
4txc 6.6198
4q3s 6.5850
4qnb 6.5850
4w9k 6.5361
4uu8 6.5376
4qab 9.6990
4v05 9.6990
4m13 6.6990
4m14 6.6990
4tzm 6.6990
4mg8 6.4815
4pvv 6.4815
4q0a 6.4815
4q3t 6.4815
4psx 6.4685
4m0y 6.4559
4q3u 6.4437
4qaa 6.4437
4d3h 6.4318
4c1w 9.4089
4tzn 6.5229
4tzq 6.5229
4qnu 6.3979
4mg7 6.3565
4nbl 6.3279
3wha 9.3188
4mgc 6.3188
4qac 9.3979
4cga 6.3979
4o3u 6.3979
4p00 6.3979
4p02 6.3979
4lj5 6.2924
4n84 6.2924
4n7u 6.2924
2mkr 6.2676
4q3r 6.2676
4r4i 6.2676
4n7y 6.2596
4r4t 6.2596
4w9j 6.2306
4np3 3.3010
4oag 6.3010
4pow 6.3010
4cg9 6.2076
4q6e 6.1759
3w9r 6.1805
4pfu 6.1739
4ktu 6.1643
4kxl 6.2218
4msl 6.1549
4utr 6.1549
4utn 6.1487
4m7j 6.1073
2mg5 6.1549
4uu7 6.0809
4oo9 9.0655
4pxf 3.0969
4kxn 6.0969
4ocp 6.0969
4pd8 6.0269
4qxr 6.0044
2mwp 6.0458
4m12 6.0458
4qfs 6.0458
2mow 5.9626
4l3o 6.0000
4p3h 6.0000
4w9i 5.9586
4qh7 5.9431
4mrg 2.9586
4cki 5.9586
4csd 5.9101
4onf 8.9208
4rdn 5.9208
4u0f 5.9208
4cfl 5.8761
4mga 5.8633
4ouj 2.8570
4psh 8.8861
2mpm 5.8861
4q3q 5.8861
4tkn 5.8861
4wk1 5.8861
4qdk 5.8539
4rww 5.8539
4oys 8.8182
4u0u 5.8182
4jmg 8.8239
4lj8 5.8239
4r4o 5.8239
4rqk 5.8239
4oee 5.7620
4mn3 5.7520
4lbo 5.7696
4q9o 5.7696
4ndu 2.7447
4d1d 5.7447
4o2a 5.7447
4qq4 5.7447
4qxq 5.7011
4tv3 8.7212
3wp0 4.9914
4w9d 4.9914
4qc1 4.9851
4tsx 4.9872
4c3k 4.9747
4ozl 4.9747
4ibc 2.9792
4ibg 3.9666
4nj9 6.9666
4qsu 2.0000
4qsv 2.0000
4o2c 8.0000
4poh 8.0000
4oi6 5.0000
4c16 4.9570
4nmv 4.9547
4mrf 1.9508
4nms 4.9431
4qht 4.9393
4rpn 6.9586
4ce3 3.9586
4q4s 6.9523
4wk2 6.9393
4kva 3.9393
4r7m 7.9586
4lbl 4.9586
4phu 7.9194
4mrh 1.8996
4qh8 4.8928
4u4s 2.9208
4pd7 3.9208
4pz5 6.9172
4n9c 3.8996
4q0k 4.8729
4nl1 3.8861
4prb 3.8811
4wvl 6.8827
4k43 6.8794
4rvr 6.8665
4nbk 3.8665
4pd5 2.8633
4m8e 7.8861
4l9i 4.8861
4pnu 4.8861
4pgh 4.8861
4wj7 4.8861
3wp1 4.8508
4nmt 4.8508
4ckj 4.8447
4m5j 4.8386
4kif 4.8356
4uof 4.8356
4nmo 4.8268
4w50 5.8539
4qtn 6.8477
4ce2 3.8416
4pul 6.8353
4kv9 3.8356
4pg3 7.8539
4qlv 7.8539
4ovh 4.8539
4o4y 7.8097
4k7i 2.8239
4mmm 3.8239
4pb1 2.8153
4ci3 6.8052
4pp3 7.8239
4uxq 7.7959
4q4q 5.7854
4ogj 6.7852
4qem 7.7959
4lzs 4.7959
4pb2 4.7959
4lov 7.7670
4oef 4.7570
4k8o 3.7696
4muv 5.7617
4tu4 3.7570
4ci2 6.7501
4j09 4.7696
4uoh 4.7696
4m5l 4.7235
4pre 3.7435
4cy1 6.7423
4mp7 5.7383
4pum 6.7256
4qsx 1.7447
4pp5 7.7447
4m5m 4.7447
4cu1 4.7122
4mmp 7.7055
4tk1 3.7212
4tk2 3.7212
4d1a 4.7212
4usw 2.6925
4pzv 5.6990
4mg9 5.6757
4ncn 5.6737
4u7t 5.6696
4jmh 8.6778
4c52 5.6778
4n7g 5.6576
4prn 5.6576
4pr5 5.6576
4pra 5.6576
4prp 5.6576
3wig 8.6383
3zev 8.6383
4pft 8.6383
4mg6 5.6162
4nrl 8.6198
4my6 5.6198
4q6f 5.6021
4up5 2.6021
4qf7 8.6021
4kxm 5.5850
4o3f 5.5560
4uwl 8.5686
4ll3 11.5686
4qij 5.5376
4r4c 5.5376
4mgd 4.6949
4tpw 4.6882
4mue 6.6990
4tte 3.6946
2mwo 4.6990
4lzr 4.6990
4oru 3.6778
4ibd 3.6684
4cig 3.6696
4lnp 3.6696
4v27 6.6635
4qsw 1.6778
4w9c 4.6536
4rpo 7.6421
4oeu 7.6576
4ofl 7.6576
4qev 7.6576
4tt2 4.6576
4lyw 6.6253
4mpn 6.6216
4myh 4.6383
4psb 4.6383
4ocq 4.6073
4oz1 5.6198
4ln2 3.6055
4ci1 6.6035
4nrk 7.6198
4prd 4.5952
4prh 4.5952
4qk4 6.6021
4c1y 3.6003
4cjq 3.5918
4m8h 7.6021
4uyf 7.6021
4uyg 7.6021
4qbm 4.5837
4ck3 3.5719
4cu7 7.5850
4ibb 3.5675
4lbu 6.5591
4nym 3.5544
4nvp 7.5686
4pmm 7.5686
4k42 6.5452
4og3 6.5452
4leq 6.5406
4uac 6.5406
4myd 4.5528
4orx 3.5272
4ory 3.5272
4nmr 3.5258
4qer 7.5376
4ruu 7.5376
4m5h 4.5376
4d1c 5.6990
4pio 5.6990
4qqi 5.5229
4qxo 5.5058
4nni 5.5045
4w9f 5.4855
4n7h 5.4815
4pf5 5.4815
4qfg 5.4815
4n6g 5.4685
4mgb 5.4353
4tmp 5.4318
4tun 5.4123
4w4z 7.5229
4trc 4.5229
4qf8 7.5086
4nmq 4.4908
4nyj 3.4921
4w9w 7.4802
4k7n 3.4815
4oks 4.4815
4q4o 7.4647
4mq6 6.4685
4puj 7.4559
4g2r 4.4461
4tz2 3.4559
4mp2 5.4473
4or0 7.4559
4ibf 4.4342
4q4r 6.4327
4d1b 4.4437
4pd6 4.4437
4ogi 7.4318
4qgd 7.4318
4usi 4.4101
4wt2 10.4202
4cc5 4.4202
4p5z 7.4056
4w9x 7.4001
3wgg 4.3990
4pp0 4.3990
4je7 6.4034
4qpl 7.4089
4o6w 8.5229
4c5d 5.3979
4nyt 2.3872
4mg5 5.3439
4us3 5.3188
4us4 5.3188
4mdr 4.3915
4q4p 6.3900
2mov 7.3979
4rrv 7.3979
4p4t 4.3872
4ce1 4.3788
4mpe 6.3706
4mrd 3.3686
4q6d 7.3615
4r91 6.3665
4cj4 3.3645
4o36 6.3605
4o3t 4.3665
4mnp 7.3420
4mzf 7.3468
4muf 6.3372
4lys 4.3372
4ibj 4.3279
4pd9 3.3279
4cjp 3.3179
4d1j 6.3143
4c9x 7.3188
4u43 4.3188
4ny3 4.3054
4nyf 7.3098
4u0c 4.3098
4u0d 4.3098
4m3p 5.3979
4ozj 5.3979
4ozn 5.3979
4pin 5.3979
4pov 8.2832
4n9b 5.2840
4r6w 5.2676
4r6x 5.2676
4w9g 5.2573
4np2 2.2596
4non 5.2434
4utx 5.2381
4uua 5.2381
3wqw 5.2291
4m5k 5.2291
4ibk 4.2976
4tz8 3.3010
4k7o 4.3010
4o61 4.3010
4u0b 4.3010
4u0a 4.3010
4puk 7.2807
4r1e 7.2840
4clp 1.2660
4lpg 4.2549
4ua8 6.2596
4wiv 6.2596
4nnr 7.2596
2mji 4.2464
4w5j 7.2441
4u0x 6.2291
4led 2.3010
4r5g 5.2218
3wqv 5.2076
4mre 2.1938
2mnz 5.1938
4m0z 5.1938
4qok 5.1938
4ono 5.1871
4m5i 5.1739
4kp4 5.1675
4nja 6.2218
4tyl 3.2218
4je8 5.2147
4mul 6.2147
4pda 4.2147
4umn 7.1998
4ca4 7.1838
4mzh 7.1805
4q9m 7.1805
4o9w 7.1555
4o37 6.1586
4w9e 5.1494
4buq 8.1367
4pop 8.1284
4qfr 8.1308
4m5n 5.1249
4v04 8.1135
4v01 8.1135
4pms 8.1024
4wht 8.1024
4why 8.1024
4ibe 4.1512
4mpc 6.1481
4k6u 4.1379
4ibi 4.1367
4d1y 7.1308
4whs 4.1249
4whq 4.1249
4whr 4.1249
4k6t 4.1046
4c9w 6.1073
4cjr 3.1007
4wf2 8.0953
4utv 5.0862
4r4q 5.0862
4ock 5.0809
4ocv 5.0809
4od7 5.0809
4um9 8.0706
4j7i 5.0555
4qkd 4.0921
4qjr 7.0969
4mji 4.0872
4nyi 3.0615
4qew 7.0655
4csy 3.0565
4qzs 7.0506
4cs9 2.0969
4poj 8.0969
4wke 8.0969
4rn6 5.0969
4qsk 5.0969
4qsh 5.0969
4tk3 5.0969
4tk4 5.0969
4oeg 5.0453
4jaz 5.0376
4w9l 5.0214
4uye 8.0205
4m5g 5.0132
4u4x 5.0088
4o62 5.0044
4lnw 7.0414
4nmp 4.0367
4pri 4.0306
4ql1 7.0315
4og4 6.0214
4wym 4.0009
4tsz 7.0044
4wmc 8.0458
4oct 5.0458
4pnw 5.0458
4rqv 5.0458
4l2l 5.6990
4cwr 8.3010
4cws 7.9208
4lv2 8.0000
4qbb 7.5229
4r6t 7.5229
4ngm 10.3478
4jyt 7.3979
4jzi 7.3979
4len 7.3979
4lv1 7.3979
4m8x 10.2007
4kz4 4.1549
4cwq 7.0555
4tyo 7.0969
4m8y 9.9586
4mhz 6.8729
4nue 6.8239
4qy3 6.8239
4wkv 6.7932
4cwp 6.7696
4cwt 6.7471
4ppb 10.0000
4na7 9.6990
4os2 6.6990
3zj6 6.6576
4lsj 9.5719
4cd6 3.5850
4mc6 9.5850
4kza 3.6990
4cd0 9.6990
4jz1 6.6990
3wmc 6.5086
4mhy 6.4660
4mc9 9.4437
4os6 6.4437
4ty7 9.5229
4lhm 3.3872
4j3u 6.3372
4wkt 3.2596
4qge 9.3010
4ob2 6.3010
4ob1 6.3010
4r8y 6.1938
4mlx 3.1871
4ocz 9.1805
4mse 6.1612
4o04 6.1612
4clj 9.1549
4p6w 9.1549
4pqn 9.1549
4r5v 6.1549
4o3b 6.0862
4cmo 9.0706
4kz6 3.0969
4ppa 9.0969
4l19 6.0969
4r5t 6.0969
4od0 9.0410
4nuc 6.0410
4ppc 9.0315
4r3w 3.0000
4kwg 6.0000
4msc 5.9586
4lkt 5.8996
4cd8 2.8861
4kzb 2.8861
4mlt 2.8539
4na8 8.8239
4oyt 2.8097
4p5d 5.8239
4kz8 2.7959
4mnw 5.7645
4nwc 5.7595
4kz3 2.7696
4mbf 5.7696
4m6u 2.7447
4o2b 5.7447
4mny 5.7077
4mqp 4.9830
4oc4 6.9788
4owm 2.9626
4o9v 8.0000
4cft 4.9523
4civ 4.9508
4mnv 4.9370
4joj 3.9586
4qir 6.9508
4r59 7.9586
4cd1 4.8928
4lm3 2.9208
4qgi 3.9031
3zj8 3.8962
4quo 7.9208
4os4 4.8665
4llx 2.8861
4n4s 6.8761
4k6y 4.8297
3wq5 3.8539
4kiu 3.8539
4ozo 3.8327
4mc1 7.8539
4o44 7.8539
4pcs 7.8539
4r76 7.8539
4r95 7.8539
4rak 7.8539
4ciw 4.8239
4ih3 4.8182
4keq 3.8239
4kwf 4.8239
4k78 4.7905
4omc 10.7773
4r93 7.7959
4rj4 7.7959
4w9p 7.7959
4llp 4.7959
4uub 4.7645
4mnx 4.7513
4obv 0.7496
4cpx 7.7696
4nga 7.7696
4rj8 7.7696
4w9o 7.7696
4r5b 6.7328
4cae 7.7447
4cpq 7.7447
4jxs 4.7447
4jog 3.7212
4cd5 6.7122
4jxw 4.7212
4c2v 9.0000
4ps8 9.0000
4q1c 8.6990
4wku 5.6778
4bf1 8.6198
4o3a 2.5901
4o3c 2.5901
4os1 5.6021
4tw8 5.5832
4cwn 5.5850
4tpk 8.5670
2yne 8.5686
4p5e 5.5528
4pqa 5.5528
4o0t 5.5376
4cpz 7.6809
4ovg 3.6904
4cpt 7.6990
4o09 7.6990
4q93 4.6517
4rj7 7.6576
4os5 4.6253
4g95 7.6126
4os7 4.6198
4oc1 6.5952
4p58 4.6021
4cd4 6.5800
4tw7 7.5850
3wq6 4.5850
4ciy 4.5686
4joe 3.5607
4ngr 7.5513
4cpu 7.5302
4wks 2.6990
4ps3 8.6990
4r5a 8.6990
4kz7 2.4949
4lv3 5.4949
4o0v 8.4815
4k1e 8.4449
4nwd 5.4023
4mrz 3.5229
4qme 6.5200
4ty6 7.5229
4cpw 7.5017
4oc0 6.4976
4jxv 4.5086
4cwf 4.4895
2ynd 7.4949
4cu8 4.4698
4q2k 7.4815
4cix 4.4685
4owo 4.4685
4kwo 6.4522
4cpr 7.4559
4umc 3.4437
4o0r 7.4437
4nh9 6.4260
4mi9 3.4238
4o05 7.4318
4ou3 4.4123
4llj 3.4202
4n8q 3.4202
4p7s 7.4202
4p7m 7.4089
4ps7 7.4089
4r92 7.4089
4nh8 8.5229
4o97 8.5229
4cnh 8.3979
3wmb 5.3686
4v24 8.3665
4bf6 8.3468
4k76 5.3468
4pee 8.3188
4mic 5.3028
4ms0 3.3872
4na9 7.3872
4o07 7.3768
4ntj 7.3575
4pp9 7.3665
4joh 3.3468
4lkq 3.3468
4owv 4.3468
4mi6 4.3126
4cpy 6.3086
4nh7 8.3979
4ual 8.3979
4ob0 5.3010
4mhs 5.2890
4oc3 8.2757
4oc2 8.2757
4cps 8.2676
4r5x 5.2596
4u8w 11.2366
4msa 3.3010
4mrw 3.3010
4kij 4.3010
4nq6 4.2757
4itp 7.2676
4k75 4.2503
4lm0 3.2518
4oak 4.2240
4lm1 3.2291
4o0b 8.3010
4cwo 5.2147
4m0r 5.2076
4mc2 8.1938
4q1e 8.1675
4o0y 7.2218
4own 4.2218
4tw6 4.2147
4rj5 7.1805
4o0x 7.1675
4jof 4.1675
4oma 4.1675
4kup 5.2218
4kiw 5.1249
4cp7 8.1079
4pct 7.1549
4prj 7.1427
4q18 6.1337
4ovf 4.1308
4mi3 4.1233
4caf 7.1249
4ng9 7.1249
4loy 8.0915
4mho 5.0835
4q19 8.0506
4cq0 5.0912
4jok 4.0691
4oc5 7.0706
4qkx 7.0706
4qhp 8.0458
4q1f 8.0362
4lm4 3.0410
4p6x 7.0410
4lm2 3.0269
4msn 4.0269
4omd 9.0101
4llk 3.0044
4umb 4.0044
4o4g 8.0458
4wx4 9.2218
5ew3 8.9208
5bvw 8.8239
5bvn 8.8239
4uib 9.0000
4ys7 9.0000
5bpa 9.0000
4unr 8.6990
4zg7 8.6990
4u01 8.4559
3wv1 11.4089
5ak2 8.4089
4qmn 8.5229
4yne 8.5229
5am1 8.5229
5bue 8.5229
4xv1 8.3768
4qmy 8.3979
5a3t 8.3979
5cs2 8.3979
5d9k 8.3979
4xv2 8.2676
5am3 8.3010
5buj 8.3010
5bvo 8.3010
4otf 8.2218
4yl0 8.2218
4ylj 8.2218
5alz 8.2218
4yl3 8.1549
4ryg 8.0969
4zyi 8.0969
4yqh 8.0458
5bve 11.0000
4qmt 8.0000
5ajx 7.9586
4wt6 7.9208
4xv3 7.9208
5d7r 7.8861
4qmp 7.8539
4x9v 7.8539
4x9r 7.8239
4z1q 7.8239
5ake 7.8239
5cte 7.7959
4wsy 7.7696
4qmo 7.7212
5als 7.7212
4pry 7.6990
5ak0 7.6778
5alu 7.6576
5e1e 7.6576
4qmv 7.6383
4yk5 7.6383
5d9l 7.6198
4zg9 7.5850
5d11 7.5528
4zjr 7.5376
4d2s 7.6990
4zga 7.6990
5aae 7.4559
4z2i 7.4437
5aaf 7.4437
4qpa 7.4318
5alg 7.5229
5d12 7.3665
5aag 7.3372
4q4i 7.3279
4rz1 7.3979
4wx7 7.3979
5apj 7.3979
4yv2 7.2924
4zpg 7.2596
4ybs 7.2441
4zur 7.1675
5aep 7.1675
4y6p 7.1612
4nxo 7.2218
4qr5 7.2218
5aen 7.2218
5aph 7.2218
5ct7 7.1549
4qp9 7.1487
5d10 7.1427
4yps 7.1249
5djv 7.1135
4y6m 7.1549
5axq 10.0969
4wag 7.0809
4qmw 7.0655
5ak5 7.0655
5bui 7.0506
5ai5 7.0315
5ajw 6.9830
4wq3 7.0000
4qw4 6.9469
5am4 6.9469
4qoc 9.9208
4yll 6.9208
4zuq 6.8861
4x9w 6.8539
4ybm 6.8539
5d7c 6.8539
5a83 6.8013
5bvd 9.7959
4qo9 6.7959
4xt9 6.7959
5c83 6.7959
4zup 6.7696
5c26 6.7696
5aly 6.7340
4ylk 6.7447
4zpf 6.7447
5bvf 9.7212
4q4e 6.7212
4uia 6.7212
4xv9 6.7212
4uco 7.0000
4ybt 7.0000
4ymj 7.0000
5alf 6.6904
5aad 6.6737
4yl1 6.6655
4z2g 6.6635
5awj 9.6778
4qmz 6.6778
4zjw 6.6576
4qw3 6.6144
5ai9 6.6126
4unq 6.6198
5alk 6.5986
5akh 6.5918
4qr4 6.6021
4wpf 6.6021
5aln 6.5735
4qmq 6.5850
4py2 6.5654
4zum 6.5686
4qp8 6.5528
5alm 6.5317
4qvl 6.5258
4uit 6.6990
4uns 6.6990
4qps 6.5229
4qws 6.5003
4yoi 6.4815
4x2i 6.4559
4wz4 6.4437
4z2j 6.4271
4wnk 6.4202
4zyc 6.4202
4zuo 6.4089
4wtu 9.5229
4y73 9.5229
4yoj 6.3872
4unn 6.3768
4wzv 9.3665
5fdg 6.3665
4qvm 6.3507
4qw5 6.3478
4zpe 6.3468
5ctc 6.3468
4qmm 6.3372
4zg6 6.3261
4qt2 6.3188
5ajy 6.3045
4ufz 6.3098
5ey8 6.3098
4wrs 9.3979
4xbd 6.3979
4yv9 6.3979
4y2x 6.2924
4qw7 6.2832
4qwx 6.2676
4qwk 6.2652
5a0c 9.2676
4wvs 6.2676
4qzx 6.2573
5ajv 6.2403
4wf6 6.3010
4wq2 6.3010
5c84 6.1938
4qwl 6.1798
4zro 6.1612
5alo 6.1319
5aki 6.1226
4qw1 6.1118
4z1s 6.1024
4ql8 9.1549
4rcd 9.1549
4udb 9.1549
4xg9 9.1549
4wp7 6.0969
4yrs 3.0706
4qvp 6.0501
4ya8 6.0969
5axp 9.0269
5f5i 6.0223
4xkx 9.0458
4qwg 5.9710
4wy6 5.9706
4xub 5.9706
5ald 5.9666
4rvm 9.0000
5ale 5.9462
5bpe 5.9469
4qwr 5.9266
4ptc 8.9586
5cf8 8.9586
4uxh 5.9586
5d1u 5.9586
4qxj 5.8979
5a5r 5.8996
5a5s 5.8996
4ztl 5.9208
5am0 5.8794
4qw6 5.8548
3wzu 5.8861
4qmu 5.8861
4qr3 5.8539
4x47 2.8508
4z2l 5.8508
4xs2 5.8182
5a3w 5.8239
4yax 5.8239
4yrt 2.7825
4z2k 5.7799
4qwj 5.7731
4py4 5.7721
4z9l 8.7959
5auy 5.7959
4rss 8.7696
5d1t 5.7696
4yuw 5.7696
5am5 5.7399
4zsp 5.7375
4rxa 5.7447
4yog 5.7447
4wvu 5.7055
4xg8 8.7212
5c4u 8.7212
5c42 8.7212
4u82 5.7212
4rvt 5.7212
5c7e 5.0000
5ap5 7.9666
5ap1 7.9666
4uxb 7.9626
4rs0 6.0000
4zlz 7.0000
5a5p 4.0000
4w4x 6.9880
4u2y 3.9914
5c7f 3.9763
4twy 3.9666
4ykn 8.0000
4xsx 5.0000
4zh2 5.0000
5aux 5.0000
4xuc 5.9586
5c3k 3.9586
4wyo 6.9547
4y62 2.9458
4w4v 6.9393
4uvx 7.9586
4y46 7.9586
4y8c 7.9586
4qmx 4.9586
5al3 4.9586
4re9 4.9172
4tvj 7.9101
4uiu 7.8996
4uvu 5.9208
5c0k 2.9208
5ci7 6.9208
5ai8 3.9010
4yjn 7.9208
4zlo 4.9208
5alt 4.8827
5ap6 7.8761
4rvk 7.8697
5djr 4.8570
4ucv 2.8827
5afk 3.8794
4rx9 7.8861
4y85 7.8861
4yp8 7.8861
4p4b 7.8539
4x7q 7.8539
4yzn 4.8125
5cqj 4.8125
4uiv 7.8013
4rn2 5.8239
5aku 6.8239
4y2t 3.8239
4y5h 7.8239
4zsa 7.8239
5bq0 7.8239
5c6v 4.7959
4r6e 7.7773
4wno 6.7959
5aib 3.7959
5dda 5.7817
4p4f 6.7747
4p44 7.7959
4p45 7.7959
5cy3 7.7959
4xg3 7.7570
4uuh 7.7696
4y83 7.7696
5abw 7.7696
5ccl 4.7696
5cwa 4.7696
4p4d 5.7447
4p4e 6.7447
4yux 3.7447
4x6y 7.7190
4uiz 4.7001
4uvw 7.7212
4uw1 7.7212
4xe0 7.7212
4ztn 7.7212
5a3n 7.7212
5c7b 3.0000
4xyf 9.0000
4qwf 6.0000
4wyy 6.0000
4x8g 6.0000
5ajz 5.6968
4zsq 5.6478
4qz7 5.6455
4yo6 5.6576
4x6x 8.6383
4zim 8.6198
4uiy 5.6003
5a82 5.6003
5cf5 8.6021
4xsz 5.6021
4yad 5.6021
5boy 5.6021
5d6p 5.6021
5dj5 5.6021
5all 5.5722
4xh6 5.5670
5alj 5.5627
4umj 5.5686
5eds 5.5406
4ynd 8.5528
4qz6 5.5259
4yay 8.5376
5ar4 6.6990
5ai0 3.6853
4ttv 6.6799
4v1f 7.6990
4yz9 7.6990
5a0a 7.6990
4xum 4.6716
4xg4 7.6676
5c4t 7.6615
4z90 4.6596
4wpn 6.6778
4z7h 6.6615
5auu 4.6778
4y2p 2.6576
4x69 7.6576
4pv7 6.6330
4rsc 6.6345
5ctb 7.6383
4qna 4.6383
5a1f 4.6108
4wy3 3.6198
4ybi 6.6038
4rn0 6.5935
4ztm 7.6021
4uda 7.5850
5ddd 6.5850
4xm7 3.5735
5ab0 7.5850
4xua 4.5850
4zun 4.5850
4x68 6.5670
5av0 3.5528
4x49 4.5287
4uuq 7.5376
4x7o 8.6990
4xmo 8.6990
4qz3 5.5107
4qwu 5.5058
4ura 5.5003
4wz5 5.5086
4zs2 5.4908
5alx 5.4845
3wyy 8.4949
3wqh 8.4815
5ap2 8.4815
4d2r 5.4815
4tmf 5.4815
4qz0 5.4557
5a09 8.4559
4zly 5.4559
4qz1 5.4368
4zk5 8.4318
4xta 5.4318
5c4s 8.4202
4uxj 5.4202
4rxd 6.5229
5al4 6.5229
4xyc 7.5086
5auv 4.5086
4xg7 7.4868
5ar7 6.4949
5ak6 3.4862
4uvv 7.4949
5ai4 3.4722
4w4w 7.4597
5akg 4.4583
4w4y 6.4624
5afn 4.4685
5ap4 6.4559
4p4i 7.4559
4rx8 7.4559
4zsr 4.4425
5al2 6.4437
4x2l 4.4437
4rse 6.4023
5afl 3.4001
5bot 4.4089
4rpv 8.5229
4rx5 8.5229
4yzc 8.5229
4zom 8.5229
4yvz 5.5229
4qvw 5.3832
3wyx 8.3665
4qwi 5.3564
4y2b 8.3565
5dls 8.3565
4yhf 8.3372
5es1 8.3372
4wvt 5.3125
4x6k 5.3125
5a3u 8.3188
4xjr 5.3188
5ai6 4.3959
4r1y 6.3979
5cf4 7.3979
4zh3 4.3979
4rvl 7.3799
5akw 6.3872
4x7j 7.3872
4x7h 7.3768
5afj 4.3768
5alv 4.3617
4ucu 3.3497
5clm 7.3565
3wpn 4.3565
4yuy 3.3372
4v0i 6.3298
4tn4 6.3279
5d1j 7.3188
5aic 4.3045
4zla 7.3019
5c7a 3.3054
4x7k 8.3979
4z3v 8.3979
5ccm 8.3979
5a85 5.3002
4wy1 5.2924
4yzm 5.2692
4qz5 5.2634
5akz 5.2604
4uvy 8.2596
5ap0 8.2596
5c7c 5.2596
5d6q 5.2366
4ptg 8.2291
5ahj 8.2291
4qp7 5.2291
4uix 7.3002
4yfi 6.3010
5ar5 6.3010
4uiw 7.3010
5ap7 6.2924
4xxs 7.2840
4y2s 4.2840
5a6n 4.2840
4yv0 3.2757
5al1 4.2757
5cxz 6.2581
4y29 6.2472
4s3f 6.2366
4y2u 3.2366
3wzk 7.2366
4y87 7.2366
5ak4 4.2277
4rx7 8.3010
4xhk 8.3010
5a0b 8.3010
5cxh 8.3010
4qz2 5.2099
5c4o 8.2147
5aia 5.2029
4qvq 5.1961
4zs3 5.1838
3wzj 8.1805
4xct 8.1739
5diq 5.1675
4tmr 7.2218
4zh4 4.2218
4ucs 4.2147
5fdd 4.1986
4tww 4.2007
5dde 7.1871
5ddf 6.1713
4x7n 8.2218
4qvv 5.1543
5alw 5.1518
4qzw 5.1454
4qw0 5.1432
5djp 5.1487
4rlp 8.1367
4qms 5.1308
4z7i 8.1135
5c7d 5.1135
4qvn 5.1010
5ar8 8.1024
4p4j 6.1549
5afm 4.1549
5al5 7.1487
4xjt 5.1427
4trw 4.1427
4r5w 7.1302
4pte 7.1308
4uct 3.1152
4xjs 7.1192
4s3e 6.1135
5dd9 6.1085
4qt1 8.1549
4qvy 5.0949
4x3u 5.0915
5cf6 8.0862
4z2h 5.0809
5ak3 5.0711
4yab 5.0706
5auw 5.0506
4y2j 3.0969
4ryc 7.0969
5ddb 7.0862
4yv1 3.0809
4xdo 4.0757
5a5z 4.0757
4wnp 8.0969
4xy2 8.0969
4yuz 5.0410
4yat 5.0315
4trz 5.0269
5am2 5.0139
5d1s 5.0177
4xg6 8.0132
4yyl 5.0132
4qz4 5.0074
4y32 4.0453
4xm6 4.0458
4y2v 4.0410
5ap3 7.0315
4xm8 3.0223
4ux4 7.0132
5auz 4.0088
5akk 4.0031
4x7l 8.0458
5ece 8.0458
4y2y 5.0458
4s2i 9.0000
4wr7 11.6990
4y8d 8.0506
5bs4 11.0044
5aix 7.9208
4xtx 10.5686
4ww6 10.2076
4ww8 10.1739
5ah2 10.0809
4zzz 7.0605
3wtn 7.0410
3wtl 7.0362
5epl 7.0269
3wtm 7.0000
3wzn 7.0000
4odl 6.9469
3wto 6.9245
4zzx 6.9031
4x1s 6.8729
4xtz 9.8153
4wup 9.8239
3wzp 6.8239
4yoz 6.7959
4odn 6.7375
4wmu 6.7447
5agu 10.0000
4xrq 6.6345
4rd0 6.6198
4x8n 6.6198
4xii 6.6021
4zzd 6.6021
5e0a 6.5850
5c7n 6.5686
5cfa 6.5376
3wtk 6.5317
3wtj 6.5272
5agv 9.6990
4xu3 9.5017
5cp9 3.5086
4xu1 9.4895
4yee 6.4949
4z68 6.4949
4rd3 6.4685
4zhl 6.4685
5ai1 6.4685
5c11 6.4685
4ymh 6.4559
4x1n 6.4202
5cvd 6.4089
4zeb 6.5229
5a2k 6.3468
4zvi 6.3279
4x1r 6.3979
5e0l 6.3979
3wth 6.2890
4rd6 6.2840
4zb6 6.2757
4xtv 9.2676
5ais 6.2441
4xu2 9.2277
3wzq 6.2291
4x13 3.3010
4xty 9.2118
5d9p 3.2007
5aiv 6.1871
4yv5 6.2218
4rt1 6.1367
4xu0 9.1141
4x34 6.1192
4tqn 6.1135
5c13 6.1024
4x0z 3.1549
5agj 6.1549
4cwb 6.0915
3x00 9.0809
4odm 6.0680
4xk9 9.0655
4xqu 6.0655
4xkb 6.0969
4tkj 6.0395
4xtw 9.0301
4zb8 6.0269
4wri 9.0132
4u5v 3.0458
4ris 6.0458
4txs 2.9957
4tjz 5.9706
4rr6 6.0000
4ra1 5.9355
4und 8.9586
4crj 5.9586
4d4d 5.9586
4rme 5.9172
4rxh 5.9101
3wti 5.8962
4x14 2.9208
5ct2 2.9208
4y5d 5.9208
5eq0 5.9208
5cyi 5.8827
4zei 5.8761
4xkc 5.8665
4u5u 2.8861
4urx 2.8861
4cst 8.8861
4pxm 8.8861
4yc9 8.8861
4x3s 5.8861
4xyn 5.8861
4oex 5.8386
4yz5 2.8297
5a2j 5.8539
5c0m 5.8539
4z46 2.8210
4zec 5.8239
4ycv 5.8239
4urw 2.7959
4yw2 2.7959
4wph 5.7959
4ymq 5.7959
4ysl 5.7959
4urv 2.7696
5ea3 8.7696
4zdu 5.7696
5cbr 5.7447
4tkh 5.7352
5epk 5.7447
3wvm 5.7100
4czs 5.0000
4xqa 4.9872
4wv6 4.9830
4x1f 7.9666
4rlt 4.9626
5boj 7.0000
4ucd 4.0000
4x0f 6.9957
4w53 3.9914
5aba 2.9830
4twt 8.0000
4xxh 5.0000
5cst 6.9586
4yyn 3.9586
4zmf 3.9586
4rgd 3.9435
4pgd 6.9245
5ea7 7.9586
5ajo 4.9586
5cyv 4.9586
5fjx 4.9586
4y2q 2.9208
4qtl 6.9208
4rh5 6.8952
5aom 2.8962
5e1s 7.9208
4rlw 4.8729
4rra 4.8729
4y3b 4.8729
4zl4 7.8601
4yw7 6.8861
4pgc 5.8824
4xya 5.8633
4wmx 4.8508
5efc 4.8508
5e1b 4.8447
5d1r 4.8416
5efa 4.8327
4ym2 2.8539
5acw 3.8386
4res 7.8539
4x5r 7.8539
4w57 4.8539
4rlu 4.8182
5d7e 3.8222
4oew 6.8182
4rrg 2.8129
4odk 3.8013
4qpd 7.8239
2ms4 4.8239
4xqb 3.7867
4wy7 6.7773
4q46 3.7721
4pg9 7.7959
4qjw 7.7959
4qxt 7.7959
4wop 4.7645
4z8a 4.7620
4cjn 4.7560
4x50 7.7520
4w5a 3.7696
4x63 6.7670
4pvx 6.7645
4w52 3.7570
4pge 7.7696
5csz 7.7696
5a3o 4.7328
4rxz 6.7423
5am6 6.7328
5e1m 6.7235
5cin 7.7447
4nxq 4.7447
4w55 4.7447
5alb 10.7077
4tyb 1.6992
4crl 9.7100
4u0w 3.0000
4x5q 9.0000
4tky 5.6990
4ycw 5.6778
4zek 5.6576
4xek 5.6576
4ydn 8.6383
4zyf 8.6383
5e8f 8.6383
4tkb 5.5918
4qjp 8.6021
4wz6 5.6021
4zzy 5.6021
5afv 5.5850
5a81 5.5376
5azg 5.5376
4z89 4.6946
4q0l 7.6990
4ymg 4.6778
5a5q 4.6778
5aoj 4.6778
5dhf 5.6576
4y4v 3.6498
4q06 7.6576
5a46 7.6576
4x5z 7.6271
5dqe 3.6308
4y94 6.6234
4rrf 3.6212
4r73 7.6383
5e4w 4.6383
5e73 4.6383
4yym 3.6198
4qp1 3.6073
4uin 7.6198
4xgz 7.6198
4ynl 4.6198
4x8o 6.6021
5dqf 3.5969
3x1k 3.5918
4z2p 4.6021
5cs5 1.5751
4ret 7.5850
4xbo 4.5850
4x3k 4.5575
5a7b 3.5670
4yrd 4.5686
4x3t 4.5391
5btx 3.5528
4x2s 6.5452
4ywa 7.5528
5dms 4.5290
4z7f 7.5258
5cqu 6.5376
4rwj 8.6990
5bnj 8.6990
5e8r 8.6990
4zba 5.5100
4urz 2.5229
4u5n 2.4815
4uc5 5.4815
4x8p 5.4815
4ycu 5.4815
4qb3 5.4685
4rrq 5.4685
4x3e 5.4685
4xcb 5.4685
4css 8.4559
4d62 2.4389
4ofb 5.4318
5e1o 5.4318
5ey9 5.4123
4u5o 2.4202
5cbs 5.4089
4u5s 2.4089
2mps 5.4089
5ct1 1.5200
4wey 3.4976
4zph 7.5086
4z2o 4.5086
3wut 6.4908
4v11 6.4895
4ym4 4.4737
4pgb 7.4815
5c3p 4.4634
4zji 6.4685
4qp6 3.4647
5dtj 4.4685
5eay 4.4685
5azf 4.4425
4rrr 4.4413
4x21 7.4437
4y16 7.4306
4qn9 4.4145
5c5h 6.4045
4xy8 6.4012
4wn5 7.4089
5ea6 7.4089
5e74 4.4089
4tya 2.3936
4cl6 5.3925
4u5l 2.3979
4z88 5.3872
5e1d 5.3872
5d21 8.3768
4xc2 5.3665
4yef 5.3526
4r07 5.3188
4or6 5.3098
4omk 4.3969
4qjo 7.3979
5aer 4.3979
5cil 7.3872
4zt8 4.3872
4xtt 7.3655
4z93 7.3507
4wyp 3.3565
3wsy 6.3556
4wet 3.3526
4xmb 7.3565
4u7o 3.3468
4cp5 3.3449
4xy9 5.3325
4nxr 4.3372
5agi 4.3372
5ab9 6.3279
5aol 2.3188
4qj0 7.3188
4ucc 4.3188
4u68 4.3072
4z6i 6.3072
5fjw 5.3979
4x1q 5.2976
5e0m 5.2840
4omj 5.2644
5a4c 8.2441
4x6s 5.2441
4y59 5.2366
4z7q 4.2933
4q08 6.3010
4qiy 7.3010
5a14 7.3010
4wyz 4.3010
4xhv 4.3010
4zme 4.3010
4qjx 7.2840
5cfb 7.2840
4qfo 4.2725
4ryl 7.2757
4r0a 4.2596
4r75 7.2441
4qfp 4.2321
4uil 7.2366
4x3h 4.2262
5dif 6.2291
4unp 3.2291
4pyy 7.2291
5ajp 5.3010
5dah 5.3010
4uru 2.2218
4ury 2.2218
4x5p 8.2076
5acy 8.1938
4q09 8.1739
4qjm 8.1739
3wuv 5.1739
5aut 5.1739
5ahw 5.1662
4zud 8.1612
4yy6 4.2218
4z6h 6.2132
4x1p 4.2020
5am7 7.1904
4qy8 7.1938
4rwk 7.1938
4yyi 4.1938
4uce 3.1675
4w54 4.1675
5f2k 6.1568
4x11 2.2218
4pdk 8.2218
4qyo 8.2218
4r3s 8.2218
4xcu 8.2218
4xh2 8.2218
5cgj 5.2218
5cs3 2.1549
4qiz 8.1487
4q07 8.1367
3wuu 5.1367
5btr 5.1367
5alc 8.1308
4zed 5.1249
5d1w 5.1249
4qfl 5.1135
5ea4 8.1079
4ux9 5.1024
4xt2 7.1549
4pyx 6.1367
5dq8 4.1367
5c5t 3.1273
4zow 4.1249
4qfn 4.1192
4d52 3.1107
4wf4 3.1096
4ymx 7.1024
4ycl 8.1549
4qip 5.1549
4oiv 5.0814
4xx9 5.0757
4u54 2.0605
5ea5 8.0605
5a2i 5.0555
4ty9 2.0477
4x8t 2.0506
4wci 5.0506
5cc2 4.0969
4yw6 7.0809
4wmy 7.0706
4xmr 4.0655
4r74 8.0969
4rwl 8.0969
4z7n 5.0443
4yp1 5.0410
4uu5 5.0362
4ty8 2.0311
4x5y 8.0315
4rcg 5.0315
4y7r 5.0315
4zjj 8.0044
4wmv 4.0315
5cso 6.0269
4qp2 3.0269
5aoi 3.0269
5acx 5.0458
5bry 11.8239
4crc 8.7212
4yth 8.6990
5dgu 11.3468
5em6 8.3979
4ytf 8.1549
5dgw 11.0458
4zhm 8.0458
4ytc 7.8861
5em7 7.7212
4crb 7.5686
4yo8 10.5229
5dia 10.4559
5ceq 7.3768
4ynb 10.3665
4xuz 7.3565
4y8z 10.3979
4x0u 7.3979
5bwc 7.2147
4cra 7.2218
4zbf 7.1308
4crd 7.0969
4yik 6.8928
5cep 6.8386
4zo5 9.8239
4yur 9.7959
4wkn 9.7212
4oel 7.0000
4o2p 6.6990
4zip 9.6778
4wkc 12.6778
5em5 6.5817
5cjf 9.5850
4wkp 9.5528
4pv5 6.5376
4qhc 6.6990
5dhj 6.6990
4zbi 6.5086
4wko 9.4685
4xj0 9.5229
4r0i 6.5229
4qll 3.3768
4z0k 6.3354
4q99 6.2840
4ty1 9.2596
4r3b 6.2518
4qlk 3.2441
4wr8 6.2291
4crf 9.3010
4q1a 9.3010
5cgc 9.3010
5cgd 9.3010
4ymb 6.2076
4wrb 6.1871
5dhh 9.1805
4s1g 9.2218
5dhg 9.1427
4y8y 9.1549
5aml 9.1549
5dit 6.1549
4zls 9.0862
5avi 6.0605
5em8 5.9626
5a69 8.9586
3wz6 5.9586
4yvc 5.9586
5cas 8.8539
4x6n 8.8239
3wz8 5.8239
5cau 8.7959
5e2p 8.7959
4ykk 2.7696
4yhq 8.7696
4yt7 8.7696
5abh 8.7696
3wz7 5.7447
4q1b 8.7212
4x6o 8.7212
4re2 4.9830
4u2w 6.0000
4zz3 6.0000
4riv 7.0000
4yve 7.0000
4twp 10.0000
4p6c 4.0000
4r3c 6.9957
5fl4 6.9957
4xar 6.9706
4x6i 8.0000
5bml 8.0000
4zx0 8.0000
5a6k 5.9469
4rn4 6.9431
4xir 6.9393
4y79 7.9586
4yt6 7.9586
4ruy 7.8928
5can 6.9066
4rux 7.9208
4x8v 6.8861
4ufk 3.8861
4re4 6.8697
4x8s 1.8861
4yti 7.8861
4zz1 7.8861
5cnj 6.8416
5dgz 7.8539
4q87 4.8539
5abf 4.8539
4z84 5.8239
5cnm 6.8069
4q1d 7.7799
4xnv 6.7932
4x24 9.7799
4x6j 7.7959
5c1m 10.7959
4z2b 7.7570
4um1 5.7696
4x48 6.7696
5cbm 7.7696
4xnw 7.7352
4u7q 9.7447
4ufm 3.7212
5c2e 8.6990
5dk4 8.6990
5e2o 8.6990
4q9y 5.6778
5c28 5.6576
4ufl 2.6383
4qd6 8.6383
4zqt 5.6383
5egm 8.6198
4re3 8.5686
5caq 8.5686
4wkb 11.5686
4wbg 5.5452
5amd 8.5528
5ek0 7.6840
5c8k 7.6990
4yih 4.6635
5cav 6.6655
4ygf 7.6778
4ps1 6.6576
4yha 6.6478
4x6h 7.6576
4zy4 7.6576
5cal 7.6576
4ruz 7.6364
4q7w 2.6383
4q8y 2.6383
4xip 6.6289
5c91 3.6094
4wef 2.5889
4xas 6.5850
4q7v 3.5850
4y63 3.5834
4zy5 7.5850
4q8x 3.5686
4nct 7.5467
5c8n 7.5528
5a0e 6.5258
4um3 7.5376
4zwy 8.6990
4zwz 8.6990
4zwx 8.6990
5edq 8.6990
4q1w 11.6990
4u7v 5.4949
4x8u 2.4559
4zae 8.4437
4rsp 5.4437
4y8x 8.4318
4u6z 5.4089
5byi 7.5129
5edr 7.4647
4qf9 4.4306
4ykj 4.4318
4wa9 8.4202
4ufh 6.4202
5cao 7.4202
4q7s 4.4202
4u3f 8.3872
4ye3 8.3665
4yml 8.3468
4yx9 5.3468
4z1k 8.3279
5c2a 8.3188
4u1b 5.3098
4zxy 6.3979
4z83 7.3979
5fl6 7.3605
4xx4 7.3565
5bms 6.3420
4q1y 10.3468
4q7p 4.3188
4y0a 2.3054
4oem 5.3010
4ryd 11.2596
4rfc 8.2441
4z1e 8.2441
4z1n 8.2299
4x6m 8.2366
4riu 7.3010
5cap 7.2840
4ufj 4.2840
4wcf 4.2757
4u69 4.2612
4xit 7.2676
4xx3 7.2518
5e13 4.2381
4x6p 8.3010
4zy6 8.3010
5bwb 5.3010
5amg 8.2218
4u71 5.2218
5fl5 8.1938
4u73 5.1805
4z0q 8.1675
5a6a 7.2175
4u6w 4.2125
4ufi 6.2007
5c8m 7.1938
4q83 4.1938
4x3i 3.1733
5dwr 11.2218
4q90 2.1549
4qrh 5.1549
4z1j 8.1135
5a6b 8.1024
4cr5 4.1549
4xaq 7.1445
4zx1 6.1397
4wov 7.1427
4yc0 4.1308
4xe1 7.1118
4y64 3.1024
4q1x 11.1549
5c2h 11.0862
4wxi 8.0757
4x3r 11.0655
5c1w 5.0605
4rfd 8.0506
4cr9 4.0969
5e2r 7.0645
4xiq 7.0655
5c29 6.0555
5abe 3.0506
4zxx 8.0969
4rkx 5.0969
4zz2 8.0410
4u70 5.0223
4yes 8.0177
4u6c 5.0044
4rfm 10.0458
4ps0 4.0362
4q81 3.0223
5abg 8.0458
4yzu 5.0458
5jau 8.8539
5j8x 8.7959
5k0i 8.6990
5hln 11.5229
5fqc 8.5229
5jyo 8.5229
5e91 8.3979
5jog 8.2366
5k0s 8.2218
5lgo 8.2218
5hmh 8.1549
5tkd 8.1549
5ei8 8.0969
5lck 8.0969
5czb 8.0044
5fxs 8.0458
5iha 8.0458
5ftq 8.0000
5hex 8.0000
5ji6 7.9586
5g3n 7.9208
5kjk 7.9208
5fwj 7.8861
5hkm 7.8861
5ihc 7.8861
5kit 7.8861
5tkb 7.8861
5e90 7.8539
5fxq 7.8539
5hmi 7.8239
5iu2 7.7959
5jjr 7.7959
5fp0 7.7696
5kjn 7.7696
5eh0 7.7447
5i2r 7.7212
5lh8 7.7212
5b0x 7.6990
5t68 7.6383
5fun 7.5850
4wnm 7.5850
5dri 7.6990
5ktx 7.6990
5i89 7.4815
5aeh 7.4318
5fxr 7.4202
5hls 7.4089
5ktw 7.5229
5j1v 7.3872
5byz 7.3768
5g3w 7.3768
5ei2 7.3372
5jjs 7.3188
5hmk 7.3979
5li3 7.2757
5hlp 7.2676
5eth 7.2518
5kre 7.2291
5k4l 7.3010
5hzn 7.2147
5kjm 7.1871
5k0j 7.1249
5dw1 7.0969
5eec 7.0969
5f3i 7.0969
5bns 7.0223
5byy 7.0088
5ei6 7.0044
5jyp 7.0000
5i8b 6.9586
5f3g 6.8996
5f2f 6.9208
5lz9 6.9208
5f3e 6.8601
5jic 6.8861
5ee8 6.8861
5he2 6.8861
5hfu 6.8861
5g1c 6.8539
5eud 6.8239
5he0 6.8239
5kr8 6.8239
5dy5 6.7878
5a8y 9.7696
5ecv 6.7696
5eue 6.7696
5ih8 6.7447
5enh 3.7212
5j1w 6.7212
5hx8 10.0000
5kzi 10.0000
5ejv 6.6904
5lc0 6.6990
4yqu 6.6556
5cls 6.6576
5jat 6.6383
5jap 6.6383
5lcj 6.6383
5eob 9.6198
5m55 6.6198
5lma 6.6021
5itd 6.5817
5enf 3.5686
5fbn 9.5686
5he3 6.5528
5he1 6.5528
5hk9 6.5376
5lsy 6.5376
5ke0 9.6990
5f2s 6.6990
5i5x 6.6990
5fbo 9.5086
5kqf 6.5086
5fq9 6.4815
5toz 9.4609
5hka 6.4559
5c20 6.4108
5k4x 6.4202
5edi 9.5229
5eol 9.5229
5fcw 6.5229
5fqb 6.5229
5t4b 9.3768
5b5b 9.3665
5k5e 6.3536
5dp8 6.3565
5hm0 6.3565
5b4k 9.3372
5f9e 9.3372
5elz 6.3372
4ztq 6.3188
5lss 6.3098
5lyh 6.3098
5a4e 6.3979
5bnr 6.2757
5i86 6.2757
5jiy 6.2676
5fpu 6.2596
4z22 6.2441
5koq 9.2366
5ene 3.2291
5dcz 9.3010
5eak 9.3010
5hmy 6.3010
5ih5 6.3010
5kqd 6.3010
5ktu 6.2076
5m53 6.2076
4wn0 3.2218
4yht 9.2218
5b4l 9.1192
5lxp 6.1192
5enb 3.1079
5ism 9.1549
5a54 6.1549
5fah 6.1549
5ehy 6.0915
5dp9 6.0757
5k0f 6.0655
5ivt 9.0969
5a3x 6.0969
5lz8 6.0088
5bqi 9.0458
5i5z 9.0458
5f3c 6.0458
5j4y 6.0458
5k0b 6.0458
5drc 5.9788
5k09 6.0000
5ho8 5.9586
5joh 5.9586
5k0c 5.9586
5t6g 5.9586
5e8z 5.9055
5c1y 5.9045
5ax3 5.9208
5cuq 5.9208
5lsx 5.9208
5trj 5.9208
5a4t 5.8861
5j4v 5.8539
5kos 8.8239
5lrk 8.8239
5lrg 8.8239
5jlz 5.8239
5k0t 5.7807
5ha9 5.7825
5e0g 5.7959
5t6f 5.7959
5c1x 5.7528
5fgk 8.7696
5i7u 8.7696
5f37 5.7696
5jas 5.7696
4xuh 5.7282
5duf 5.7447
5ieg 5.7447
4yqv 5.7100
5lrj 8.7212
5dlv 4.9830
5lxc 7.9666
5kbq 7.0000
5jim 3.9872
5f2w 3.9821
5jdc 3.9821
5jzn 5.9650
4ufu 8.0000
5ceh 8.0000
5dsx 8.0000
5hx6 8.0000
5lj0 8.0000
5t4f 8.0000
5lj2 5.0000
5iee 4.9431
5f32 4.9393
5j5t 6.9586
5i59 6.9508
5i58 6.9245
4q15 7.9586
5jgd 7.9586
5k05 4.9586
5sxn 4.9586
5sy2 4.9586
5ghv 7.9172
5dxg 5.9208
5i12 5.9208
5kkr 6.9208
5axi 3.9208
5hn7 3.9208
5b1s 3.9066
5dv2 2.9031
5db3 7.9208
5ewm 7.9208
5ehp 4.9208
5m57 4.9208
5i40 4.8633
5ewj 6.8861
5kde 3.8861
4ui3 6.8761
5dtq 3.8570
5emk 7.8861
5jgb 7.8861
5t1a 7.8861
5tt7 7.8861
5ku3 4.8861
5dp6 4.8324
5ezz 6.8386
5khx 7.8539
5fbe 4.8539
5lyy 4.8539
5bpp 4.7997
5lmb 7.8013
5dt2 6.8239
5j75 6.8239
5tjx 6.8153
5eko 4.8018
5acb 6.8013
5l72 6.8013
5lg3 3.8013
5bnm 4.8239
5kgw 4.7932
5fwa 4.7878
5fqt 6.7959
4ui5 6.7773
5jrq 6.7721
5kgx 4.7959
5hvy 7.7595
5bqg 4.7595
5h7h 3.7696
5jid 3.7570
5l4h 3.7520
5lwn 7.7696
5ho7 4.7696
5ful 4.7375
5dgj 4.7328
5dp5 4.7282
5a7c 3.7447
5emm 7.7447
5i0l 7.7447
5fum 4.7447
5kls 6.7122
5fqp 7.7212
5j3s 7.7212
5m51 4.7212
5eyd 9.0000
5adq 5.6968
5k5s 2.6904
5ans 5.6870
5jar 5.6990
5ads 5.6676
5f1z 8.6778
5adt 5.6517
5f4n 8.6576
5g3m 5.6576
5hbe 8.6383
5hbj 8.6383
5jga 8.6383
5bqs 5.6383
4zs0 5.6383
4zsj 5.6383
5adr 5.6383
5jin 5.6383
5e0h 5.6198
5icv 5.6198
5ih6 5.6021
5idn 8.5850
5hkb 5.5850
5eif 2.5528
5hzx 8.5528
5a4q 5.5376
5jr6 4.6946
5ho6 6.6904
5dry 7.6990
5lsc 4.6990
5fus 4.6757
5d7a 7.6778
5di1 7.6778
5f1l 7.6778
5j5d 4.6778
5dpa 4.6486
5jq9 4.6478
5db1 7.6576
5hld 4.6576
5hl9 4.6576
4xwk 4.6345
4r5y 7.6383
5eml 7.6383
5hlw 7.6383
5l4e 4.6126
5cuh 4.6198
5kmh 4.6198
5f00 6.6021
4ui8 7.6021
4zts 7.6021
5db2 7.6021
5dyt 7.6021
5e7r 7.6021
5eym 7.6021
5ei4 4.5784
5gjf 6.5850
5jsm 6.5850
5kbr 6.5850
5fqr 7.5850
4yh3 4.5850
4yh4 4.5850
5dp7 4.5596
5l8t 3.5544
5arg 7.5686
5a8z 7.5528
5izq 8.5171
5lxd 8.5003
5k4i 8.5086
5to8 8.5086
5h8x 5.5086
5tr6 8.4949
5lkr 5.4807
5iv4 5.4815
5f94 8.4685
5icp 8.4202
5anq 5.4001
5a4l 5.4089
5lt6 5.4089
4y5i 3.5210
5fdp 6.5100
5f20 7.5229
5fi6 7.5229
5i94 7.5229
4yqm 7.5086
5ety 7.5086
5jt2 7.4750
5dv4 2.4724
5emj 7.4815
5tol 7.4815
5f0h 4.4815
5lay 7.4685
5ifu 4.4685
5ehg 3.4330
5f02 7.4437
5kx7 7.4437
5i24 7.4225
5db0 7.4318
4xhl 4.4318
5dh3 7.4191
5kx8 7.4202
5jcj 4.4202
5sz9 4.4202
5dxe 6.4089
5dtr 4.4089
5f6u 2.5229
5eyc 8.5229
5eyk 8.5229
5j79 8.5229
5i83 5.3872
5jdi 5.3665
5drt 5.3565
5amn 8.3468
4z16 8.3188
5j47 5.3098
5f1u 6.3979
5iuh 6.3958
5fi7 7.3979
5i3m 7.3979
5e8w 4.3872
5f01 6.3768
5t4e 5.3589
5d6f 4.3665
5sy3 4.3665
4ui7 7.3565
5ely 7.3565
5fqs 7.3565
4yxd 4.3382
5jnn 5.3464
5ehi 3.3449
4ui4 7.3468
5idp 7.3468
5k8v 6.3372
5fue 6.3296
5l99 3.3179
5i56 7.3188
5hbh 7.3080
5l98 3.3098
5jrs 8.3979
5laz 8.3979
5jiq 5.3979
5lax 5.3979
5ief 5.2840
5cei 8.2757
5a7i 5.2596
5f6v 2.2366
5kmf 6.2941
5hn9 4.3010
5i23 7.2865
5i4o 7.2757
4uhg 6.2676
5kdf 3.2676
5l6p 7.2596
5hna 4.2291
4ynk 8.3010
5j7b 8.3010
5jfr 8.3010
5kcv 8.3010
4wi1 5.3010
5ivs 8.2147
5e0j 5.2147
5trk 5.2076
5a7j 5.2007
5hg1 5.2007
5a8x 8.1871
5hm3 5.1675
5th7 5.1612
5fqv 6.2147
5gjg 6.2147
5dp4 4.2015
5g11 7.2076
5i43 7.2007
5hoa 7.1938
5hor 8.2218
5j6d 8.2218
5l6o 8.2218
4z8d 5.2218
5kqg 5.1487
5kup 8.1427
5enm 7.1549
5fi2 7.1549
5i2z 7.1427
5k4j 7.1107
4ufy 8.1549
5i13 5.0830
5trh 5.0757
5dg6 5.0655
5ega 5.0605
5i0b 5.0605
5tri 5.0605
5da3 7.0969
5law 7.0969
5lav 6.0867
5lqq 7.0915
4ui6 7.0605
5ezx 7.0605
5ax9 8.0969
5enk 8.0969
5jyy 8.0969
5f39 5.0969
5loh 5.0410
5k1i 8.0362
5t4h 8.0311
5ekx 2.0315
5g10 8.0132
5f95 8.0088
5fd2 7.0458
5ddc 7.0362
5hng 4.0315
5g2n 7.0269
5d29 7.0132
5hn8 4.0132
5hlb 4.0066
5eiw 2.0458
5k5n 8.0458
5anu 9.3979
5anv 9.3010
5fnu 8.8861
5ih9 8.6990
5izj 11.5229
5anw 8.5229
5fa7 8.3979
5fck 8.2218
5j5x 11.0223
4zam 7.9586
5fao 7.9586
5e89 7.8539
5fap 8.0000
5f4l 7.6198
5i22 7.6198
5ive 7.5686
5a2s 7.6990
5el2 4.4685
5e8a 7.4685
5fas 7.4685
5i8g 7.5229
5ags 7.3979
5l7k 10.3665
5ivj 7.3372
5f4p 7.3279
5tbm 7.3098
5isl 7.2840
5izu 7.2676
5hvt 7.2596
5e88 7.1871
5h9p 7.1675
5iw0 7.2218
5hvs 7.1487
5agt 7.1249
5hva 7.0655
5f4r 7.0223
5f4u 7.0223
5fat 6.9586
5cqt 6.9066
5dx4 6.8633
5teg 6.8539
2mwy 6.8239
5ech 3.7959
5eci 3.7959
5elv 6.7959
2rvn 6.7696
5khi 6.7696
5js3 6.7328
5izf 9.7447
5izk 6.7212
5cy9 6.6615
5ggn 3.6576
4y24 6.6576
5jt9 6.6326
5i2e 6.6383
5l3j 6.6383
4znx 6.6198
5ejl 6.6198
5t1l 6.6198
5igq 6.6021
5j19 6.6021
5l4i 6.5850
5ggk 3.5376
5e2n 9.5376
4rfr 6.5376
5etr 6.5229
5kau 6.5229
5aqt 3.5086
5j31 6.5086
5jvi 6.5086
5cu4 6.4949
5i2f 6.4949
5etq 6.4815
5jss 6.4510
5dbm 6.4559
5ivy 6.4437
5aqv 3.4318
5jxn 6.4112
5eom 6.3872
5khk 6.3872
2n8t 3.3665
5d0r 6.3665
5ant 6.3565
5in9 6.3565
5duc 6.3468
5ivv 6.3468
5lz5 6.3468
5ewz 6.3372
5kbe 6.3372
5ekm 6.3188
5k8n 6.3188
5gmh 6.3098
5ix1 6.3098
5i3y 9.3979
2n9x 6.3979
5d25 6.3010
5t52 9.2840
4ybj 9.2757
5lz7 6.2757
5t1k 6.2757
5k6s 6.2596
5swf 6.2596
5kbh 6.2596
5h7g 9.2441
5etv 6.2441
5lwd 6.2441
5ett 6.2291
5ggp 3.3010
4zfi 6.3010
5hff 6.3010
5htl 6.3010
5h5r 6.2147
5ee7 9.2076
5svx 6.1938
5fnt 6.1739
5i3w 9.2218
2n0u 6.2218
5j18 9.1487
5ar0 6.1427
5f1c 6.1278
5svy 6.1308
5kax 6.1079
5kbg 6.1079
2n0w 6.1549
5etp 6.1549
5ftg 6.1549
5k4z 6.1549
5l0c 6.1549
5d26 6.0915
5e7n 6.0915
5eel 6.0809
5h9r 6.0757
5t54 9.0605
5d3l 6.0555
5aqq 3.0969
5ggo 3.0969
5heb 6.0969
5egs 6.0132
5k7h 6.0044
5kcb 6.0044
5g2g 6.0458
5hip 6.0458
5aqu 2.9830
5k8o 5.9626
5ekh 5.9547
4xo8 8.9586
5aei 8.9586
5drs 8.9586
4yjl 5.9586
5hja 5.9586
5hv0 5.9586
5cp5 5.9087
5ets 5.9066
5lvl 5.9031
5kbf 8.9208
5fb1 5.9208
5fh6 5.9208
5ivc 5.9208
5izm 5.9208
5svz 5.9208
5lwm 8.8729
5lif 5.8729
5eh5 5.8697
5ipj 8.8861
5d3s 5.8861
5fsy 5.8861
5fyq 5.8861
5l4f 5.8861
5t5g 5.8861
5dw2 5.8416
5aqo 2.8539
5ivn 8.8539
5egu 5.8539
5eng 5.8539
5lso 5.8539
5tb6 5.8153
4z5w 5.8097
5ez0 5.8013
5iay 5.7986
5aip 2.8239
5eeq 5.8239
5etk 5.8239
5il1 5.8239
5t1m 5.8239
5e2q 5.7852
5eta 5.7959
5ih2 5.7645
5aqn 2.7696
4z0f 5.7696
5fsn 5.7696
5dlz 5.7447
5eis 5.7447
5fos 5.7447
5h5q 5.7447
5hf1 5.7447
5itf 5.7447
5fsx 2.7212
5ikb 8.7212
5j74 8.7212
5du8 5.7212
5ekn 5.7212
5hfc 5.7212
4z07 7.9872
5ehw 2.9978
5fpp 4.0000
5g4n 3.9957
5j3v 6.9809
5jek 3.9830
5c85 3.9788
4yx4 5.9692
5flq 2.9666
5eqy 8.0000
5t6j 4.9344
5fng 2.9566
5icx 6.9586
5fou 3.9469
5knj 6.9355
4zv2 2.9318
4zki 2.9226
4yhz 7.9586
2n06 4.9208
4rqi 4.9101
5hbn 4.8894
5ii2 4.8894
5t1i 3.9154
5flt 2.8928
5gjd 7.9208
5i1q 7.9208
5d3t 4.9208
5ezg 4.9208
5f1j 4.9208
5etu 3.8861
5eqe 3.8794
5j0d 6.8729
5iyv 3.8697
5fh7 6.8633
5g4m 3.8601
5csd 7.8861
5fb7 7.8861
5l3a 4.8861
5f1h 7.8508
4yje 4.8416
2ncz 3.8523
5ie1 6.8539
5btv 3.8539
4yc8 7.8539
5ewk 4.8539
5f90 4.8539
5eu1 7.8125
5iy4 4.8083
5jeo 4.8013
5exw 6.8239
5htc 6.8239
5hyq 6.8239
5etx 6.8116
4yb7 3.8013
5fov 2.7986
2n3k 6.7986
4ybk 7.8239
5i29 7.8239
5d7x 4.8239
5ggl 1.7820
5esq 5.7959
5fbi 2.7959
5etf 3.7918
5aqf 3.7825
5i3v 7.7959
5jq7 4.7959
5ckr 7.7645
5lp6 4.7645
5lne 4.7587
5ggj 1.7501
5fwr 7.7520
5id0 5.7696
5fh8 6.7696
5htb 6.7696
5ewh 3.7696
4yhm 9.7620
5er4 2.7565
5klt 6.7570
5hbs 7.7328
5tca 7.7247
4yk0 3.7423
5fv7 6.7399
5khj 3.7357
5i8p 6.7328
5ia0 6.7282
4yho 10.7447
5k03 4.7447
4yb5 4.7144
2ndg 4.7122
5his 4.7077
5l9g 7.7033
5ia2 7.7212
5klr 7.7212
5hjq 4.7212
5aqr 3.0000
5ekj 6.0000
5f0f 6.0000
5f1r 6.0000
4yk6 5.6990
4ysi 5.6990
5eld 2.6596
5aqp 2.6778
5a3s 8.6778
5hjb 5.6778
5tcc 5.6556
5ey0 2.6459
5epn 8.6576
5hgc 8.6576
5d6y 5.6576
5hey 5.6576
5d0c 5.6308
2n1g 5.6383
5c4l 5.6383
5l0h 5.6383
5g46 2.6021
5eje 5.6021
5khd 5.6021
5d1n 5.5686
5em9 5.5686
5eto 5.5686
5i9y 8.5528
5svl 8.5528
5dus 5.5302
5sxm 8.5376
5khg 4.6940
5fe9 4.6782
5g43 3.6990
5dkn 3.6934
5a6x 6.6946
5fs5 6.6853
5ixq 4.6990
5lvn 4.6990
5tdw 4.6990
5aqj 2.6778
5l2w 6.6778
5f3t 3.6778
5fog 3.6716
5er5 3.6668
5fol 3.6676
4d7b 7.6778
5eq1 4.6778
5awu 4.6498
5kh7 3.6576
5aqk 3.6517
5ji8 4.6308
5ko1 6.6383
5hog 3.6383
5etl 4.6383
5hu9 7.6162
5syn 6.6198
5ezh 4.6198
5fsl 4.6198
5i88 6.6021
5lvr 3.6021
5d2a 5.5901
5i8c 7.6021
5ia5 7.6021
5ixt 4.6021
4xtm 4.5691
5hfb 4.5702
5c4k 4.5607
5iql 4.5607
5evz 6.5686
5csh 3.5686
2n7b 3.5544
5jr2 7.5686
4zs9 4.5686
2n27 6.5528
5dts 3.5528
5dva 3.5528
5fpk 3.5528
5b56 4.5361
5hes 7.5376
5etb 4.5376
5f3z 4.5376
5iop 4.5376
5tdr 4.5376
4yhp 8.6990
5dlx 5.6990
5elq 5.6990
5lz4 5.6990
4zgk 5.5086
5cks 5.5086
5avf 5.4949
4ze6 2.4815
5svk 8.4815
5aqz 5.4815
5hrw 5.4815
5ii1 5.4815
4y4j 2.4685
5fb0 5.4685
5gu4 5.4685
5aqh 2.4559
5b4w 8.4559
5dtw 5.4559
5ave 5.4437
5e3a 5.4437
5tbn 5.4437
5f2u 8.4318
5agr 5.4318
5etm 5.4089
5awt 4.5200
5eoc 7.5186
5i9x 7.5229
5th2 4.5229
5dtt 3.5086
5kew 6.5011
4yxi 6.4965
5ly3 7.5086
5aqg 4.5086
5l8n 4.5086
5eok 3.4949
5fnd 3.4949
5i25 3.4895
5doh 7.4949
5gic 6.4803
5eh7 3.4815
5fni 3.4815
5a5v 7.4815
5gr9 7.4815
5a7y 4.4815
5jal 2.4685
5eb3 1.4535
5gow 4.4522
5fut 6.4535
5jox 4.4559
5d6j 4.4437
5hed 4.4437
5f2p 4.4260
5i38 3.4237
5g4o 4.4318
5h9q 4.4202
5eps 4.4202
5epy 7.3990
5ihh 6.4089
5dx3 7.4089
4xoc 8.5229
5f08 5.5229
5ixf 5.5229
5tef 5.3979
5chk 5.3851
5kbi 5.3851
5dpw 5.3747
5eou 5.3595
5etn 5.3665
5elf 2.3401
4y3y 2.3468
5edl 8.3468
5l4m 5.3372
2n14 5.3279
5cqx 5.3279
5czm 8.3188
5ehe 8.3188
4yb6 5.3188
5ayy 5.3188
5ks7 5.3188
5h8b 11.3089
5d0j 5.3072
5l2i 7.3969
5d3c 10.3979
5igm 7.3799
5igk 7.3788
5l8o 3.3820
4yyt 6.3785
5hfj 4.3872
5igl 7.3696
5hyr 7.3768
5erg 4.3533
5d3x 6.3565
5mf6 4.3565
5hgq 7.3449
5hjc 4.3468
5iug 7.3335
5l3f 6.3344
5ia3 7.3372
5ek9 7.3279
4zcs 4.3279
5h8g 10.3170
5meh 6.3179
5fe7 3.3116
5khh 4.3070
5i9i 7.3036
4y38 2.3979
5csw 8.3979
5ep7 5.3979
5eqp 5.3979
5fns 5.3979
5l9o 5.3979
5hrv 5.2924
5hrx 5.2924
5ect 5.2840
5hwu 5.2716
5faq 5.2757
5kxc 5.2636
5gs9 5.2596
5iq6 5.2596
5du4 5.2518
4zv1 5.2418
5d3j 5.2441
5edd 5.2441
5hjd 5.2441
5d24 5.2366
5ema 5.2291
5icz 5.3010
5ejw 3.3010
5g45 3.3010
5dtk 4.3010
5ewy 4.3010
5duw 3.2924
4r06 6.2899
5fnj 2.2882
5i7y 7.2840
5ia4 7.2840
5l4j 4.2840
5dxb 6.2757
5ia1 6.2757
5i7x 7.2757
5f9b 4.2611
5arf 6.2676
4xtp 4.2565
5ei3 4.2480
5id1 6.2518
4zij 3.2480
5a6i 7.2518
5b2d 4.2518
4yxu 7.2411
5f8y 4.2441
5huw 6.2305
5ad1 7.2366
5ajc 4.2366
5csp 4.2366
5cu2 4.2366
2ndf 4.2255
5l3g 6.2262
5e2m 7.2291
5fnr 4.2291
4ztr 8.3010
5e80 8.3010
4z0e 5.3010
4z0d 5.3010
5eyr 5.3010
5dkr 5.2218
5hhx 8.2104
5h8e 11.1986
5emb 5.2007
5g1p 5.2007
5eqq 8.1739
4y3j 2.1675
5fdz 5.1675
5svi 5.1675
5kh3 4.2218
5ttf 6.2147
5dyo 10.2147
5en3 6.2076
5i80 7.2076
5ljj 7.2076
5cs6 3.2007
5flp 3.2000
2nd0 3.1972
5ha1 7.1931
5l2t 6.1871
5l3e 6.1805
5fox 3.1707
5f41 4.1739
5epp 4.1618
5ito 4.1618
5fot 3.1675
5bw4 4.1675
5fe6 2.1605
5jqb 2.2218
5csx 8.2218
5k8s 8.2218
5brz 8.1487
5u4x 8.1487
5kva 5.1355
4ud7 8.1308
5d3p 5.1308
5hda 5.1308
5f74 5.1192
5lbq 5.1090
5d3h 5.1024
5e5g 3.1549
5fnf 3.1549
5flo 3.1494
5fpi 4.1427
5ehr 7.1367
5lvq 4.1367
5lom 7.1302
5hpm 7.1308
5ey4 3.1249
5bs0 7.1152
5eb2 1.1141
5e6o 4.1141
5gid 6.1140
5dnu 4.1101
5fnc 4.1135
5kat 4.1040
5f1x 6.1079
5l9l 7.1002
5hv1 4.1002
5eh8 3.1018
5hkh 5.0915
5h5s 5.0862
5j32 5.0809
5hwv 5.0706
5luu 5.0640
5ehv 3.0830
5dd0 7.0773
5e2v 6.0804
5l2s 7.0809
5icy 5.0605
5h9s 4.0605
5i3x 8.0969
4z7o 5.0443
5kq5 8.0458
5t3n 8.0410
5f25 5.0410
5d3n 5.0362
5huy 5.0269
5ff6 5.0223
5iok 5.0223
5du6 5.0177
5fom 5.0088
4ue1 8.0044
4xoe 5.0044
5itp 5.0044
5fls 3.0434
4zsh 7.0458
5lli 7.0458
4yxo 7.0391
5epr 4.0410
5e2l 4.0315
5fow 4.0315
5e3d 4.0223
5glu 4.0177
5jan 3.0088
5l9i 7.0044
5cxa 8.0458
5i9z 8.0458
5ld8 8.0458
2n9e 5.0458
5i3a 5.0458
4zy1 8.1427
4zy0 8.0410
4zyq 8.0132
4ydg 7.8239
5hz6 7.7959
5edc 7.6576
5hct 7.5952
4zw3 7.5686
5d48 7.5229
4zx9 7.3872
5diu 7.3665
5j7p 7.2840
5b25 10.2366
4zy2 7.2218
4zx3 7.1871
5l2z 10.2218
4zx4 7.1079
4zx8 7.0969
5k0h 7.0915
5a9u 10.0969
5hz9 7.0315
5d47 7.0000
5d45 6.9208
5l2y 9.8539
5div 6.8539
5lxb 9.7696
5ayt 6.7696
5edb 7.0000
5fho 6.6716
4ufd 9.6778
5dh5 9.6383
5l7e 6.6021
5ew0 6.5850
5dxt 9.6990
5sz4 9.6990
5sz7 9.6990
5kr1 9.4949
5iwg 6.4609
5cgv 6.4685
5iub 9.4559
5fdr 9.4437
5aaa 9.4202
5jfp 9.3188
5hz8 6.3979
5ix0 6.2848
5kqy 9.2924
5iu4 9.2757
4zj8 9.2596
5dhu 6.3010
4zx5 6.1938
5eei 9.2218
5kr0 9.1487
5l30 9.1427
5cr7 3.1024
5aab 9.0555
5trf 9.0555
5eek 9.0969
5sz0 9.0969
5l7f 9.0458
5e2s 9.0088
4uja 9.0458
4zjc 8.9586
5een 8.9586
5iu7 8.9586
4zw8 5.9586
5fhn 5.8962
5hcy 8.9208
5sz1 8.9208
5aac 8.8861
5ef8 8.8539
5hj9 5.8539
5iua 8.8239
5kby 8.8239
5d2r 5.8239
5k13 8.7447
5jg1 8.7212
4zw6 5.7212
4zyu 5.9718
4ujb 8.0000
5evb 5.0000
5evd 5.0000
5f5b 3.9469
4uff 7.9586
4yv8 7.9586
5e28 7.9101
5jy3 7.9208
5drq 10.9208
5evk 4.9208
5j5r 6.8861
5jf2 7.8861
5kyj 7.8861
5j7w 4.8861
5f1v 6.8539
5dhp 3.8539
5jf8 5.8453
5hi7 7.8539
5hdv 7.8239
5ayf 4.8239
5ewa 4.8239
5j9z 7.7959
5l7g 7.7959
4ycn 7.7696
4zyt 7.7696
5kxi 7.7399
5fdi 7.7328
5iu8 7.7447
5j41 3.7011
4ycm 7.7212
4zw7 4.7212
5dxh 9.0000
5ef7 9.0000
5hdu 9.0000
5dht 6.0000
5cj6 8.6925
5sz2 8.6990
5edu 8.6576
5hu1 8.6576
5ehn 11.6383
5foo 2.6198
5htz 8.6198
5sz3 8.6021
5hk2 8.5850
5d75 6.6990
5he4 7.6990
5sz5 7.6990
5eg4 7.6778
5dex 7.6459
4zyv 7.6576
5dfp 7.6576
5kz0 7.6576
5fkj 10.6576
5eie 7.6383
5exn 7.6383
5dhr 4.6383
5j7q 4.5751
5dro 10.5850
5sym 6.5528
4uj9 8.6990
5hcv 8.6990
5hg5 8.6990
5dhq 5.6990
5ij7 8.5086
5fl1 8.4949
5kr2 8.4815
5drr 11.4559
5kqx 8.4437
5dey 8.4318
5exl 8.4318
4uj1 6.5229
5he5 6.4737
5ehq 10.4815
5fdc 7.4584
5efj 6.4559
5fl0 6.4559
5hg9 7.4559
5fdo 6.4425
4zw5 4.4318
5jf3 7.4202
5hg8 8.5229
5i4v 8.5229
5hcx 8.3872
5efb 8.3665
5hk1 8.3665
5cdh 5.3665
5ime 8.3372
5fky 8.3279
5eef 8.3188
5g53 6.3665
5dqc 7.3410
5hdz 7.3468
5eij 5.3134
5hdx 7.3188
5dxu 8.3979
5hd0 8.3979
5hg7 8.3979
5j8z 8.3010
5kzq 8.2757
4zx6 5.2676
5l7h 7.3010
5j4n 4.2518
5dh4 7.2366
5j9y 7.2366
5hu0 6.2255
5j9f 7.2291
5he7 8.3010
5kdr 8.3010
5khm 8.3010
5fto 8.2076
5exm 8.2007
5f91 5.2007
5aa9 8.1938
5jf6 7.2076
5jf5 7.2007
5fcz 4.2007
5jf1 7.1938
5jf4 7.1871
5etj 10.1805
5m1z 4.1805
4zyz 7.1739
4zyw 7.1675
5kya 8.2218
5dhs 5.2218
5ev8 5.2218
4ydf 5.1024
5kam 4.1118
4ufe 8.1549
4ufg 8.1549
4zyx 8.1549
5jxq 8.1549
5fhm 5.0888
5jfu 8.0706
5aa8 8.0655
5efh 6.0969
4uj2 7.0969
5a6h 7.0555
5e2k 8.0315
5jf7 6.0414
4zz0 7.0044
5sz6 7.0044
4zyy 8.0458
6b8u 9.6990
5tza 9.0000
6bfa 9.0000
5nhv 8.5528
5u00 8.6990
5vgo 8.6990
5nhj 8.2676
5k76 8.3010
5xs2 8.3010
6b4w 8.3010
6b8j 8.3010
6bfd 8.3010
5nob 8.2007
5nb7 8.2218
5q0m 8.1024
5q1c 8.0757
5q0n 8.0605
5q15 8.0506
5tzc 8.0969
5w5o 8.0969
5wg3 8.0969
5q1a 8.0177
5trs 8.0000
5o83 7.9586
5q16 7.8697
5tzz 7.8539
5trg 7.8239
5try 7.7959
5ts0 7.7959
5tx5 7.7959
5tys 10.7212
5ngb 7.7212
5q0v 7.6882
5q14 7.6778
5lgu 7.6576
5nhp 7.6383
5tho 7.6383
5q0o 7.6126
5uoy 7.5686
5v88 7.5528
5ox6 7.5376
5v1b 7.4685
5ngu 7.4437
5lmk 7.4318
5lyx 7.4202
5q0p 7.4089
5mmp 7.5229
5ukm 7.5229
5pzn 7.3872
5trr 7.3872
5nev 7.3565
5q0x 7.3468
5q1b 7.3125
5q19 7.3188
5tzx 7.2840
5n4s 7.2596
5ggz 7.2518
5j7g 7.2366
5j7f 7.2366
5q0w 7.2366
5uwf 7.2291
5naw 7.3010
5nba 7.3010
5q0s 7.2076
5wg5 7.1805
5q18 7.1707
5t1u 7.1612
5q1f 7.1397
5t1w 7.1135
5v86 7.1024
5y3n 7.1024
6bfx 7.1024
5lgr 7.0878
5lgs 7.0575
5lgq 7.0453
5q13 7.0410
5lgp 7.0362
5m5q 7.0458
6b3e 6.9872
5wg4 7.0000
5ofx 3.9586
5gso 6.9586
5l13 6.9586
5mhq 6.9586
5q1e 6.9208
5y3o 6.8601
5l2m 6.8861
5x9p 6.8861
5tz3 6.8539
5qc4 6.8239
5q0u 6.7570
5ngs 6.7696
5v3y 6.7212
5g0q 10.0000
5wo4 10.0000
5m0s 6.6946
5v84 6.6990
5o11 6.6655
5t90 6.6778
5mz3 6.6576
6bfw 6.6576
5q0j 6.6216
5t37 6.6180
5l6h 6.6198
5ugd 6.6198
5v42 6.6198
5yjp 6.6198
5lqf 6.6021
5tyr 9.5850
5v3x 6.5850
5jz9 3.5686
5l15 9.5686
5b5p 9.6990
5uiu 9.6990
5kcx 6.6990
5l6j 6.6990
5wys 6.6990
5uyu 9.5086
5lgt 6.5086
5h19 6.4949
5nsp 6.4685
5vfd 6.4437
6eqs 6.4318
6eo0 6.4318
6ax1 9.4202
5mm9 6.4202
5ugg 6.4202
5lp1 9.4001
5wbz 6.4089
5wre 6.4089
5jzb 3.3872
5vqz 6.3872
5xqx 6.3872
5qbv 6.3665
5uqv 6.3665
5tuq 6.3468
5up0 6.3372
5vqx 6.3188
5ncy 9.3979
5tex 6.3979
5vqv 6.3979
5n3w 6.3010
5nar 6.3010
5nb6 6.3010
6ayd 6.3010
5vp1 9.2924
5vqy 6.2924
5odu 3.2840
5tyn 9.2840
5jzs 3.2676
5u9d 9.2596
5q1i 6.2441
5mat 6.2366
6aud 6.2248
5l17 9.3010
5u7d 9.3010
5vp0 9.2147
5ukk 6.2147
5uqx 6.2147
5gub 6.1972
5t2m 9.2007
5ukl 6.2007
5n1v 6.1938
5tzh 6.1681
5usf 9.1612
5ntw 9.2218
5nqe 6.1549
5v41 6.1487
5t8e 9.1427
5l2o 6.1192
5q1d 6.1192
5q0q 6.1051
5t2d 9.1002
5urk 6.1024
5vom 6.1024
5ntp 9.1549
5lub 6.1549
5lyw 6.1549
5m0d 6.0894
5wuu 6.0915
5yjk 6.0862
6enx 6.0809
5vlp 6.0757
5h17 6.0506
5gmp 9.0969
5ncz 9.0969
5vfc 9.0458
5kgn 9.0301
5tzw 6.0057
5y1y 6.0088
5vo6 9.0458
5tur 6.0458
5ur1 8.9747
5n4t 5.9747
5gsw 5.9393
5wr7 8.9586
5jv0 5.9586
5pzm 5.9586
5vqr 5.9208
5v8v 8.8861
5vrp 8.8861
5wfj 8.8861
5ngt 5.8861
5oxg 5.8861
5u5h 5.8861
5u62 5.8861
6bfe 5.8539
5q0z 5.8477
5wbq 5.8327
5ku9 5.8268
5tx3 8.8539
5j9k 5.8539
5kv9 5.8539
5h15 5.8041
5v40 5.8041
5ta6 8.8239
5tob 8.8239
5u3b 8.8239
5tbj 5.8239
5tg1 5.8239
5w5j 5.8239
5k32 8.7959
5vpm 8.7959
5gx6 5.7959
5t23 5.7959
5y5n 5.7595
5xaf 5.7696
5q0y 5.7282
5vqt 5.7447
5t2p 5.7212
5y9l 5.7212
5twl 7.9788
5le1 4.9747
5usq 7.0000
5gn5 6.9830
5vgi 6.9830
5ul5 6.9747
5ml5 8.0000
5w85 8.0000
5h13 4.9363
5h0g 6.9547
5izc 3.9508
5h0b 7.9586
5wqa 7.9586
5ti7 4.9586
5up3 7.9000
5gn6 6.9208
5tq6 6.9080
5mli 3.9000
5lzj 3.9031
5ly2 7.9208
5mxv 4.9208
5x79 4.9208
5twz 7.8697
5kj0 6.8861
5h09 5.8784
5ne3 7.8428
5kv8 4.8386
6eks 3.8416
5uis 6.8356
5tpg 7.8539
5wej 4.8153
5iaw 4.8114
5m6h 6.8239
5tyl 7.8239
5wbr 4.7749
5t92 7.7959
5lcf 4.7496
5t97 7.7696
5mw6 4.7294
5ulg 6.7235
5uuu 7.7447
5gty 7.7210
5lx6 5.7212
5b5o 5.7212
5mwd 5.7172
5u2f 6.7144
5nu1 9.0000
5tl9 9.0000
5t8j 9.0000
5inh 6.0000
5t2i 8.6990
5tw3 8.6990
5vqs 5.6990
5vqw 5.6990
5td2 8.6576
5tq3 8.6576
5ov9 5.6576
5t2y 5.6576
5nhy 8.6383
5ubt 8.6198
5toe 5.6021
5lhg 5.6021
5ox5 5.5850
5gx7 5.5591
5l2n 5.5528
5lgn 5.5376
5lch 4.6925
5xmv 7.6799
5h6v 6.6819
5mkx 4.6990
5mkz 4.6990
5sxk 4.6990
5tq7 7.6737
5h0e 6.6778
5u6v 7.6778
5op6 4.6778
5ti6 4.6778
5tyk 7.6498
5m6f 6.6576
5mja 6.6576
5n9t 6.6576
5lhu 4.6576
5myr 4.6576
5tq8 7.6364
5vex 4.6300
5u2c 6.6289
5xmr 7.6108
5mw3 6.6198
5k5c 1.6198
5xkm 7.6198
5m39 4.6198
5ngr 4.6198
5ti2 4.6198
5tc0 7.6021
5typ 7.6021
5xmt 7.5817
5q1g 3.5800
5ual 3.5800
5swh 7.5850
5ti4 4.5850
5wpb 3.5686
5u2e 6.5575
5q0r 4.5686
5teh 7.5528
5ttv 7.5376
5opc 4.5376
5q0t 4.5376
5w86 8.6990
5x8i 8.6990
5k1v 5.6990
5m3a 5.6990
5mky 5.6990
5mjb 8.5229
6b1o 8.5086
5xzr 5.4855
5t28 8.4949
5tg2 5.4949
5jh6 8.4815
5v8q 8.4437
5t66 8.4318
5ksx 5.4318
5mym 5.4089
5u5t 5.4089
5xmu 7.5100
5orx 3.5114
5twx 7.5229
5myn 4.5229
5mxx 7.5086
5myv 7.5086
5k6a 4.5086
5lca 4.4841
5vnd 6.4949
5ntq 7.4711
5l01 7.4815
5swg 4.4815
5j9l 7.4685
6b1e 7.4685
5uwm 6.4486
5m7m 6.4473
5tyj 7.4559
5mrd 4.4389
5w84 6.4437
5h22 7.4437
5u7j 6.4094
5npd 7.4202
6alz 10.4202
6ez6 7.4000
5uah 3.4001
5vlr 8.5229
5v5e 5.5229
5tq4 8.3768
5q0l 5.3605
5m6u 8.3665
5k0x 8.3565
5llm 5.3468
5q12 5.3335
5uit 8.3372
5dyw 8.3098
5tnt 8.3098
5v24 6.3979
5qby 7.3979
5mri 4.3979
5mar 4.3851
5mxk 3.3872
5ti5 4.3872
5u7l 6.3737
5gvl 7.3768
5xmp 7.3665
5t36 7.3665
5ue4 6.3565
5m6m 7.3565
5sys 7.3565
5ti3 4.3565
5v9t 7.3468
5l6i 4.3468
5n49 6.3279
5ttu 7.3279
5mkj 4.3143
5t4u 5.3188
5uox 8.3002
5t2b 8.3010
5j8i 8.2924
5ne1 8.2798
5gnk 8.2757
5urj 5.2757
5urm 5.2757
5vqq 5.2757
5v5d 5.2676
5vlk 5.2557
5q17 5.2487
5v19 3.3010
5ml0 6.3002
5j7s 7.3010
5mys 4.3010
5one 7.2840
6eku 4.2840
5uiq 4.2592
5q0i 4.2510
5dyy 7.2449
5lvx 7.2518
5tts 7.2518
5tq5 7.2306
5t1t 7.2366
5npf 4.2366
5o0s 4.2366
5tiu 8.3010
5x5o 8.3010
5tyo 8.2147
5uvc 8.2147
5q10 5.2020
5uor 8.2000
5t2l 8.2007
5h21 5.1938
5lhh 8.1739
5ubg 5.1675
5v83 5.1605
5t4v 7.2218
5v3o 7.2218
5v7t 6.2147
5mwo 3.2147
5n20 4.2147
5mrh 4.2007
5mih 4.1938
5u7i 7.1765
5v7i 7.1805
5op8 4.1805
5h0h 6.1637
5hcl 2.2218
5h3q 8.2218
5ksv 5.2218
5vew 5.1500
5q11 5.1433
5u7k 8.1487
5jk3 8.1367
5xms 8.1367
5lm6 5.1135
5ogk 5.1135
5lhi 8.1079
5vqu 5.1079
6eyz 8.1002
5q1h 5.0996
5t2g 8.1024
5mts 7.1549
5uir 7.1433
5oy3 4.1487
5v9p 6.1385
5ur5 7.1427
5v7w 7.1192
5vee 6.1085
5t27 7.1024
5h2u 8.1549
5k00 8.1549
5o4y 8.1549
5xg4 5.1549
5jmx 5.0862
5tyh 2.0757
5h14 5.0575
5n2f 7.0969
5ksu 4.0835
5npb 7.0862
5t1s 7.0757
5ur6 7.0605
5or9 4.0555
5mqv 8.0969
5w4w 8.0969
6bfn 8.0315
5uwl 8.0269
5v5n 8.0223
5ick 5.0094
5ntk 8.0132
5myl 5.0044
5gn7 6.0458
5gn9 7.0458
5u5k 4.0223
5gvk 7.0044
5o45 8.0458
5xvk 5.0458
5xvq 5.0458
5ufr 8.6990
5jur 8.5229
5org 8.3979
5n1z 8.1871
5ul6 8.2218
5llg 11.1308
5uhi 8.0362
5lyr 7.8861
6euw 7.7696
5h1e 7.5376
5ufo 7.4318
5nmf 7.4202
5n8b 7.3665
5lle 10.2218
5kly 7.2147
5llh 10.1739
5ukj 7.1612
5x4q 7.1079
6axl 7.1079
5nme 7.0862
5m63 6.9586
5km5 6.9172
5m3b 6.9208
5vr8 6.8697
5tyi 6.8861
5m34 6.8239
5h1t 3.7959
5vlh 6.7959
5wa9 6.7570
5na0 9.7696
5yu9 6.7447
5h1v 4.0000
5mev 7.0000
6ayi 6.6778
5u06 6.6576
5wyx 6.6576
5iz6 6.6383
5nu3 6.6383
5ul1 6.6383
5unj 6.6198
5w10 6.6198
5k48 6.6003
5mb1 6.5969
5wtt 6.6021
5mxf 3.5850
5g1a 6.5686
5nwk 6.5686
5n69 6.5376
5u98 9.6990
5g17 6.6990
6axk 6.5157
5h1u 3.5086
5may 6.4841
5nxq 6.4949
5xg5 3.4815
5mes 6.4685
5vb5 6.4559
5wbl 6.4437
5jop 9.4089
5v79 6.4089
5llc 9.5229
5g60 6.5229
5lsh 3.3872
5klz 6.3737
5v7a 6.3768
5vb6 6.3665
5vll 6.3665
5u4a 6.3565
5u4e 6.3468
5m04 6.3372
5nu5 6.3279
5n8w 6.3279
5u4f 6.3279
5u48 6.3279
5u4d 6.3279
5llo 9.3979
5g61 6.3979
5uk8 6.3979
5gut 6.2924
5t2t 6.2924
6aol 6.2676
5oku 6.2596
5n87 9.2518
5vqi 6.2518
5wa8 6.2314
5o0a 3.2366
5llp 9.2366
5ybe 6.2366
5gmv 6.2291
5t18 9.3010
5bjt 6.3010
5wqk 6.3010
6awn 9.2007
6aom 6.2007
5u0z 6.1871
5km1 6.1785
5wl0 9.1739
5nwi 6.1612
5j20 9.1427
5u49 6.1367
5nkb 9.1192
5vad 9.1192
5nfb 6.1135
5u4g 6.1024
5wxh 6.1549
5fso 6.0915
5u0y 6.0809
5n2x 6.0605
5nai 6.0969
5n58 6.0969
5w7j 6.0969
5y5w 6.0969
5n0f 6.0458
5tvn 9.0410
5wbk 6.0269
5mmg 6.0132
5u4c 6.0044
5n55 5.9872
5xyf 5.9788
5tbe 8.9747
5tpc 3.0000
5v4b 6.0000
5nad 8.9586
5h08 5.9586
5n21 5.9586
5ttw 5.9586
5u1q 5.9586
6eqp 5.9586
5h63 5.9208
5lto 5.9208
5u2j 5.9208
6eux 5.9208
5lo5 5.8729
5tqs 5.8570
5ngz 2.8861
5mty 8.8861
5wa4 5.8861
5kk8 5.8386
5tdb 5.8386
5mme 5.8539
5mql 5.8539
5y48 5.8539
5k0m 8.8239
5gg4 5.8239
5oei 5.7959
5n31 5.7932
5mo8 5.7852
5hki 2.7959
5ofw 2.7959
5lrq 5.7959
5m9d 5.7959
5nmg 5.7520
5n7v 8.7696
5vsk 5.7357
5n8t 5.7352
5ota 5.7447
5u4b 5.7447
5wle 5.7212
5lpj 4.9957
5gj9 4.9914
5j82 6.0000
5mgk 4.0000
5vdu 4.0000
5vdv 4.0000
5vdw 4.0000
5t70 3.9914
5vs6 6.9830
5usz 6.9747
5vse 5.9706
5mra 8.0000
5nkk 5.0000
5x54 5.0000
5vc5 7.9586
5w7i 4.9508
5nn4 1.9367
6azl 4.9281
5vcw 5.9566
5j71 6.9586
5v35 6.9586
5m5d 3.9547
5lws 3.9393
5n84 7.9586
5ta2 7.9586
5ioz 4.9586
5xw6 4.9115
5x4m 2.9208
5w6i 6.9031
6b7b 2.8928
5orv 2.8871
5f63 7.9208
5lpl 4.9208
5v5y 7.8729
5vc6 7.8665
5ut0 5.8784
5tci 6.8794
5mk1 3.8794
5wkf 3.8665
6b7f 3.8665
5wxg 3.8633
5ldm 3.8570
5j6l 7.8861
5ml2 7.8861
5ipc 4.8861
5jsg 4.8477
5wyq 4.8416
5vwi 4.8386
5j64 6.8539
5wkh 3.8462
5ku6 6.8447
5mi3 6.8356
5uc1 7.8539
5wuk 7.8539
5u5l 4.8539
5vcv 6.8239
5vfm 3.8239
5wbf 3.8097
5nk6 6.8013
6bnh 3.8013
5kj2 7.8239
5lvf 4.8239
5orl 4.8239
5jn9 7.7905
5uwi 5.7959
5uwp 5.7959
5j8m 6.7959
5gvp 6.7825
5os4 2.7786
5njz 7.7959
5j3l 4.7959
5jzi 4.7959
5mtx 7.7520
5oug 2.7687
5mi5 6.7696
5nvz 6.7696
5nvw 6.7696
5ugh 6.7696
5orr 3.7696
5v8o 3.7670
5x9h 3.7645
6bhh 3.7595
5ntt 5.7535
5ldo 3.7520
5j6n 7.7696
5j9x 7.7696
5j6a 7.7696
5mg2 7.7696
5w5s 7.7696
5iyy 4.7696
5wqd 4.7696
5y62 1.7352
5gmn 4.7258
5lla 7.7235
5j27 6.7447
5u7m 6.7447
5os2 2.7397
5nk2 6.7399
5x73 6.7352
5gvm 6.7305
5j2x 7.7447
5y61 1.7190
5otc 4.7144
5kma 4.7077
5wip 4.7077
5o58 6.7190
5nki 7.7212
5nkc 7.7212
6asz 4.7212
5wlg 4.7212
5u66 3.0000
5nk4 8.6990
5mro 5.6990
5ouh 5.6696
5n18 5.6778
5o2d 5.6778
6esj 5.6778
5gv2 5.6517
5n93 8.6576
5g5z 5.6576
5x74 8.6383
6azk 5.6383
5lvd 2.6198
5n9s 8.6198
6euv 8.6198
5tpb 2.5850
5nbw 8.5850
5mgx 5.5850
5n9r 5.5850
5lpm 5.5575
5j6m 8.5686
6au5 5.5686
6ayh 5.5686
5n8j 5.5421
5n53 2.5528
5gja 5.5528
5jy0 5.5528
6bw3 5.5287
5szc 4.6904
5uwj 5.6990
5nvv 6.6990
5tgc 6.6990
5ml3 9.6925
5h85 4.6990
5ipa 4.6990
5vfj 4.6990
5wbm 4.6990
5vdq 3.6676
5nkg 7.6778
5wyz 7.6778
5yjm 7.6778
5kab 4.6778
5vdt 4.6778
5w99 4.6778
5xvu 4.6517
5w94 4.6459
5b6c 3.6556
5m17 3.6556
5nk8 6.6402
5tcy 7.6576
5j1r 4.6576
6ezq 4.6576
5n34 4.6332
5v13 7.6326
5moc 4.6271
6bhe 4.6216
5jq5 5.6306
5jhk 4.6383
5wic 4.6383
5ulp 4.6144
5m77 7.6073
5mwj 7.6073
5km3 4.6038
5lud 3.6055
5ujv 3.6038
5ta4 7.6198
5jgq 4.6198
5nw1 6.6021
5oq4 7.6021
5t9u 7.6021
5ofv 1.5817
5u0g 4.5817
5n7g 4.5800
5t9w 5.5850
5nkh 7.5850
5nkd 7.5850
5ka3 4.5850
5k9w 4.5850
5vdk 7.5686
5cpr 7.5607
5vcy 6.5686
5h5o 6.5622
5os0 2.5541
5w6r 7.5686
5w6t 7.5686
5ko5 4.5686
5u0d 4.5436
5hyx 6.5528
5tpx 6.5528
5vcx 5.5502
5vd3 5.5502
5vkm 3.5513
5v2l 3.5406
6b7e 4.5528
5gmm 4.5361
5myo 10.5331
5ly1 7.5258
5tzy 8.6990
5mqt 5.6990
5lpk 5.5143
5mrp 5.5229
5nn6 5.5229
5w1w 5.5229
6bw4 5.5017
5tq1 5.4935
5vzy 8.4949
5mn1 2.4815
5mnb 2.4815
5mnx 2.4815
5mon 2.4815
5jnc 5.4815
5mav 5.4815
5vwk 5.4815
5mnr 5.4634
5u0f 5.4685
5nka 5.4559
5txy 5.4559
5ty8 5.4559
5u13 5.4089
5jjm 7.5143
5nw0 6.5229
5mod 3.5229
5vfn 3.5229
5m2q 7.5229
5jhd 4.5229
5w88 4.5229
5wcl 4.5229
5ovx 4.5031
5myg 7.5086
5usy 7.5086
5tya 4.4828
5nw2 6.4949
5w6u 5.4908
5vd0 6.4895
5isz 4.4949
5wii 4.4949
6b7a 4.4949
5ma7 3.4737
5w4r 7.4815
5ka1 4.4815
5j8u 6.4685
5ndd 6.4634
5o91 6.4572
5ory 3.4473
5ml6 9.4461
5f61 7.4559
5b6g 7.4437
5h5f 4.4295
5tus 4.4271
5w1v 4.4271
5os3 2.4256
5x62 6.4214
5kad 4.4318
5tw5 7.4191
5jm4 7.4202
5nk3 7.4202
5mk9 4.4202
5km2 4.4078
5ne5 7.4089
5ka9 4.4089
5n70 8.5229
5vi6 8.5229
5j1x 5.5229
5wqj 5.5229
5wrs 5.5229
5mek 5.3768
5fsc 2.3565
5mi9 8.3468
5l26 5.3468
5u11 5.3468
5u14 5.3372
5wp5 5.3372
5n8e 5.3279
5nf9 5.3279
5mlo 5.3188
5n17 5.3188
5mz8 2.3098
5km0 5.3098
5n2z 5.3098
5m29 7.3979
5tuz 7.3979
5os5 3.3872
5ufp 7.3716
5lny 7.3768
5tcj 7.3768
5ut4 4.3768
5vc4 7.3595
5orz 3.3645
5f60 7.3665
5t78 7.3665
5vcz 6.3526
5tuy 6.3516
5wbp 4.3565
5n3v 4.3445
5goe 4.3401
5jna 7.3468
5tgy 7.3468
5ka7 4.3468
5yc1 4.3363
5w38 7.3325
5x72 6.3307
5nk7 6.3298
5ttg 7.3372
5mrb 6.3270
5mnc 1.3143
5mny 1.3143
5moo 1.3143
5ogl 4.3143
5gmu 3.3188
5m28 4.3188
5tw2 7.3036
5os1 3.3063
5u9i 7.3098
5mka 4.3098
5ll4 8.3979
5jsj 5.3979
5lsg 5.3979
5mqe 5.3979
5v2p 8.2924
5y59 5.2924
5v2q 8.2840
5g5f 5.2840
5ltn 5.2692
5irr 5.2676
5mxo 5.2676
5twj 5.2534
5j86 8.2596
5b5f 5.2518
5b5g 5.2518
5nfa 5.2518
5xup 5.2518
5m9w 2.2441
5n7x 5.2441
5nzo 2.2366
5w1e 5.2366
5tzo 5.2291
5jn8 7.3010
5mi6 7.3010
5jgi 4.3010
5vsc 6.2924
5mgj 4.2924
5t8r 4.2924
5moe 3.2840
6b7d 4.2840
5lo6 7.2684
5mgf 4.2676
6bhi 4.2549
5km9 4.2526
2ndo 3.2480
5uff 4.2434
5ut6 4.2418
5vsd 7.2441
5u0w 4.2366
5if6 7.2291
6au2 2.3010
5n16 5.3010
5x9o 5.3010
5fsb 2.2218
5ty1 5.2147
5ty9 5.2147
5x13 5.2076
5xxk 8.1981
5lu2 5.2007
5tco 8.1898
5nzp 2.1871
5tbp 5.1759
5myx 8.1643
5f62 8.1675
5ufc 5.1612
5go2 3.2218
5n99 4.2125
5osd 3.2083
5jcb 4.2073
5t6z 4.2069
5ofi 4.2027
5wbo 4.2076
5ot8 4.1952
5ijr 3.1959
5t9z 7.1938
5w5u 7.1938
5lt9 4.1938
5vgy 4.1838
5nge 7.1871
5t35 7.1805
5o0b 4.1805
5xn3 6.1733
5gtr 7.1739
5u28 7.1739
5ldk 4.1739
5ldp 4.1739
5ose 3.1669
5n1x 3.1618
5x4n 4.1675
5fyx 4.1574
6awp 7.1612
5t8q 4.1612
5ioy 5.2218
5ja0 5.2218
5gp7 5.1487
6b7c 5.1427
5kww 8.1308
5vsb 5.1184
6f0y 5.1090
5u0e 5.1135
5kej 5.1079
5ngf 5.1079
5szb 5.1079
5ow1 4.1524
5kzp 7.1549
5w4v 7.1549
5njx 4.1549
5aan 4.1487
5nk9 6.1403
5my8 7.1427
5u7o 7.1367
5wir 7.1244
5umz 7.1214
5nvy 6.1192
5vc3 7.1107
5mi7 7.1135
5mtv 4.1135
5vd2 7.1040
5orw 3.0991
5t7s 4.1024
5n2t 5.0757
5u12 5.0706
6axp 5.0706
5j7j 5.0655
5gsa 7.0862
5ll9 6.0794
5ot9 4.0737
5gs4 7.0706
5mpz 4.0706
5o4z 6.0655
5f5z 7.0655
5jhb 6.0590
5uxf 7.0605
5mge 4.0605
5t6p 6.0555
5x4o 4.0555
5ort 3.0487
5mk3 4.0506
5vdp 4.0506
5ml8 8.0969
5lyn 5.0438
5mlw 5.0343
6ayn 5.0362
5n3y 5.0306
5nzq 2.0315
5mrm 5.0315
5wio 5.0315
5x4p 5.0315
6b27 5.0315
6bhd 5.0315
5nz2 5.0269
5gof 4.0453
5ll5 6.0414
5gvn 7.0458
5nvx 7.0458
5mob 4.0458
6at0 4.0376
5oui 4.0289
5vsf 7.0269
5xo2 4.0269
5xof 4.0088
5vd1 6.0044
6eww 5.0458
5wal 8.7696
5mw4 11.6990
5vo1 8.1549
5w7u 8.0458
5ult 10.8539
5wlo 10.8239
5oq5 7.6990
5uv5 7.6990
5opb 7.6180
5uov 10.6021
5oq6 7.5575
5oot 7.5452
5nee 10.6990
5wb6 10.6990
5xp7 4.4202
5mim 7.3372
5opv 7.2882
5opu 7.2757
5nea 10.3010
5we9 7.2218
5mqy 7.1135
5lpd 10.1549
5v82 10.1549
5hz5 7.0655
5iu6 3.8861
5q0f 9.8861
5u6b 9.8861
5h4j 6.8861
5vo2 6.8125
5jzy 9.8239
5w9g 6.8239
5wev 6.8239
5tku 9.7959
5q0g 9.7447
5tdi 9.7447
5op4 6.7122
5vb7 6.7212
5g22 7.0000
5n8v 6.6840
5op5 6.6655
6b97 6.6253
5op2 6.6198
5tqg 9.6198
5jfd 9.5376
5m4q 3.5086
5mby 3.5086
5t8o 6.5086
5oq7 6.4921
5unf 9.4685
5ung 9.4685
6b4l 6.4685
5unh 9.4559
5wef 6.4437
5wyr 6.3872
5waf 9.3468
5hh6 6.3979
5ura 6.3979
5upz 9.2007
5q0e 9.1612
5m7s 9.0458
5ur9 6.0458
5vp9 8.9872
5q0d 9.0000
5wqc 8.9586
5ws3 8.9586
5m23 8.9031
5t8p 5.8928
5ljt 8.9208
5n24 8.9208
5oq8 5.8508
5x5g 5.8268
5mlj 8.8539
5uoo 8.8539
5ndf 5.8539
5uex 8.8239
5kyk 5.7959
5w3i 5.7959
5gwa 5.7670
5td7 5.7696
5vkc 8.7447
5n1s 7.9914
5v8p 4.9914
6eo8 7.0000
5g2b 7.0000
5wcm 4.0000
5n1r 7.9547
5uig 7.9508
5gwy 4.9469
6en5 7.9412
5qcm 6.9586
5vtb 6.9586
5qcl 7.9586
5u8f 7.9586
5l8a 4.9101
5jha 5.8983
5q0h 7.9208
5uwn 7.8697
5nih 6.8729
5thj 2.8697
5hvu 7.8861
5m4f 7.8861
5m4i 7.8861
5m56 7.8861
5u8a 7.8861
5ugc 7.8861
5m4u 4.8861
5uln 7.8477
6b96 7.8447
5vjp 4.8268
5th4 2.8477
5mae 6.8356
5nf5 6.8182
5mhp 7.8239
5k1f 4.7905
5obj 4.7825
5n25 7.7799
5ueu 7.7773
6eo9 6.7959
5wae 6.7959
5uf0 3.7959
5uga 6.7932
5ugb 6.7932
5mte 6.7773
5neb 7.7696
5mkr 4.7696
5mks 4.7696
5nfh 7.7447
5gwz 4.7122
5tqe 6.7212
5ng9 6.7190
5tt3 6.7144
5ljq 9.0000
6awo 8.6990
5m4k 5.6635
5uwk 8.6383
5iz8 5.6180
5uv1 5.6198
5opr 5.5918
5upf 8.6021
5osk 5.6021
5u6d 8.5850
6esy 5.5850
5v4q 2.5686
5mjn 8.5376
5k1d 4.6819
5o4f 6.6819
5y7w 7.6990
5un9 7.6778
6b4u 7.6778
6b98 4.6498
5w13 7.6576
5iez 7.6383
5qck 7.6383
5u6j 7.6383
5vij 7.6144
5thi 3.6108
6b4n 10.5544
5tg6 4.5482
5u8c 7.5290
5tg7 4.5258
5kks 8.6990
5ug8 8.6990
5wei 5.6990
5iza 5.5058
5nx2 8.4949
5tkt 8.4949
5ufs 8.4949
5n0d 8.4815
5nn5 5.4685
5tp0 5.4365
5n0e 8.4437
5voj 8.4437
5iz9 5.4202
5g57 8.4001
5m7t 5.4089
6f3f 4.5229
5tt8 6.5017
5vih 7.4921
5tuo 6.4908
6b16 7.4949
5t19 4.4949
5o07 7.4711
5mfs 6.4815
5mft 7.4685
5maj 7.4559
5nf6 7.4559
5dpx 4.4559
5wac 7.4202
5uv2 4.4034
5ufi 8.3979
5m2v 5.3979
5obr 5.3565
6ep4 5.3468
5g1z 5.3242
5m44 7.3979
5m4c 7.3979
6equ 6.3778
5w14 7.3372
5tg4 3.3233
5uey 8.2924
5mfr 4.3010
5vii 7.2857
5wzr 7.2924
5w12 7.2757
5v6u 2.2620
5om9 4.2518
5m25 8.1871
5tfx 7.2154
5u69 6.2218
5wag 5.2140
5ti0 4.2147
5ofu 4.1952
5u94 7.1938
5wex 7.1785
5v0n 7.1733
5tks 7.1675
5m0m 8.2218
5qcn 8.2218
5v1y 8.1487
5wad 8.1079
5xhr 5.1024
5nin 7.1249
5ula 7.1135
5kez 8.1549
5two 8.0937
5n6s 8.0862
5tv3 8.0862
5l87 5.0742
5ops 5.0640
5vjn 5.0605
5j87 8.0506
5m7u 8.0969
5ug9 8.0969
5lce 8.0362
5thn 4.0177
5tg5 4.0119
5uez 6.0132
5upe 8.0458
6f22 8.6990
5qil 11.5229
6ccy 8.5229
6f3d 8.3979
5kpk 8.3010
6c6o 8.3010
6c4g 8.3010
6f23 8.3010
5qim 11.2218
6ffn 8.2218
6ba7 8.1549
5xyz 8.0969
6do3 8.0269
5ni5 8.0458
6esn 8.0458
5o7e 8.0000
6df7 8.0000
5y6e 7.8633
6ckx 7.8861
6fgq 7.8539
5yg3 7.8539
5kpm 7.8239
5nib 7.7212
6do4 7.6778
6f3i 7.6778
6df4 7.6383
5owc 7.5850
6hvj 7.5528
6bbu 7.5376
6fex 7.5376
5ni8 7.6990
5ni7 7.6990
6bfp 7.6990
6f1x 7.6990
6gin 7.4949
6cck 7.4318
6ed6 7.4318
6bir 7.5229
6frf 7.3979
6gip 7.3768
5osy 7.3665
5yg4 7.3665
6dzq 7.3665
6ft8 7.3565
6h1i 7.3565
6hvh 7.3279
5qin 10.3979
6ew3 7.3979
5yso 7.3979
6cco 7.2924
5y6d 7.2596
6cz3 7.2518
6mr5 7.3010
6ffs 7.2007
6dcz 7.1675
6do5 7.1580
6f3g 7.1612
6bu1 7.2218
6cje 7.2218
6f3e 7.1549
6h7z 10.1249
6cgp 7.1192
6cz4 7.1192
5wgd 7.1079
6ggn 10.0969
5ux4 7.0458
6f5h 7.0458
5wzu 7.0000
5t31 6.9586
5lh4 6.9586
5ncq 6.9586
5wdj 6.9586
6ft9 6.9586
6q73 6.8996
6bsk 6.9208
6cis 6.8697
6hkz 9.8861
6fqo 6.8539
6ep9 6.8386
6fr0 6.8356
5x02 9.8539
5w8i 6.8239
5mwa 6.8239
6apz 6.8239
5y8c 6.7959
6c7d 9.7696
6gi6 6.7122
6etj 6.7212
6hdq 7.0000
6ciy 6.6968
5wzv 6.6778
5g6u 6.6576
5wzt 6.6576
6biy 6.6576
6ft4 6.6289
5y8w 6.6383
6czv 6.6383
6cmr 6.6091
6c7f 9.6198
6c2y 6.6021
6ccq 6.6021
6g4m 6.6021
6hdo 6.6021
6biz 6.5686
6cw8 6.5686
5wzs 6.5528
6e9w 6.5528
5zh2 6.5376
6g6w 9.6990
6f2n 6.6990
5yzd 6.6990
6c8p 6.6990
6g5j 6.6990
6biv 6.5229
6bix 6.5086
6dqb 6.4949
5z9e 3.4815
5wgq 6.4815
5yve 6.4815
6bx6 6.4815
6h7y 9.4559
6dqa 6.4437
6ft3 6.4237
6mx8 9.4318
6hvi 6.4202
6c7i 9.4202
6acb 9.4089
6i8l 6.4089
6eum 6.5229
5o7n 6.5229
6fkp 6.5229
5ylt 6.3872
5y0z 6.3372
6bin 6.3372
6ffh 6.3372
6czu 6.3188
5x27 9.3979
5l9h 6.3979
6gy1 6.3010
5kpl 6.2882
6bjo 6.2924
5z4o 3.2757
6d4o 6.2757
6ar4 6.2418
6bil 6.2366
6axb 6.3010
5y8z 6.2076
5zun 9.1938
6f5l 9.1871
5zz4 9.1739
6h1h 6.1739
6iil 6.1675
6aak 9.1487
6gop 9.1549
5wkl 6.1549
6bbv 6.0953
5yqo 6.0888
5o7i 6.0862
6iin 6.0809
6e4f 9.0706
6aum 9.0969
5y86 6.0969
6f8u 6.0969
6bij 6.0458
6e9l 6.0362
5okt 6.0315
5w0e 9.0269
5z4h 3.0223
5nr7 6.0223
6cyb 9.0177
6hkj 9.0044
5xgh 5.9914
6ck6 9.0000
6dl9 6.0000
6e99 6.0000
5zwe 8.9586
5zob 5.9586
6au9 5.9586
5zfi 5.9208
6c7j 8.8794
6bkh 8.8861
6hmx 8.8861
6g3y 5.8861
5zz2 8.8508
6few 5.8508
6fil 5.8508
6g8n 5.8447
5w0i 8.8539
6bqa 5.8539
5vil 8.8239
5zeq 8.8239
5yof 5.8239
6c7b 5.8239
6bln 8.7959
6dko 5.7959
6bib 5.7959
5mwg 5.7696
6hjj 5.7696
5wg8 5.7399
5zwf 8.7447
5yjf 5.7447
6cjw 5.7447
6ev0 5.7447
5zwh 8.7212
6br2 8.7212
6br3 8.7212
5mxq 5.7212
6g7f 4.9957
6h7u 1.9830
6hzp 1.9830
5xpn 6.9914
6c0u 5.9872
6c5t 6.9666
5nwd 8.0000
5ows 8.0000
5w0q 8.0000
6gn1 8.0000
5nq5 5.0000
5wi1 5.0000
6f34 4.9431
5yfz 6.9586
6bl1 6.9586
6fdq 3.9469
5yjy 6.9393
6hsz 6.9355
5xv7 7.9586
6dvl 7.9586
6eqm 7.9586
6fyv 7.9586
6g93 7.9586
6gl3 7.9586
6h3k 7.9586
6fr2 7.9208
6iik 4.9119
6e2n 7.9031
5wfc 4.9031
6fnx 4.8996
6hu0 6.9136
5nra 6.9101
6by8 6.9101
6hu2 5.8996
5nzm 3.8962
5nut 7.9208
5wh6 7.9208
6bg3 4.9208
6ful 4.9208
6fo7 7.8665
5w2p 6.8831
5w2q 6.8831
5yg2 6.8861
5mzg 6.8601
5olb 7.8861
5xyx 4.8403
6eox 6.8539
6fyp 6.8447
6cyc 7.8539
6dvn 7.8539
6cq4 4.8539
6dxg 4.8539
6as6 4.8182
5nvh 7.8239
5ocj 4.8239
6ez9 7.7721
6bsm 6.7959
5nrf 6.7878
6g2a 3.7852
6cho 6.7773
5nvf 7.7959
5nwb 7.7959
5uz0 7.7959
5w0f 7.7959
6f6u 4.7959
6f8v 4.7959
6c2x 4.7595
6fo9 7.7545
5y5u 7.7520
5yz7 4.7496
5nr8 6.7570
5nt4 7.7696
6f8x 4.7696
6c7g 7.7399
6fo8 7.7352
5zmq 4.7352
6bmx 4.7235
6di1 6.7447
6cef 3.7447
6gxu 3.7447
6htz 6.7375
5w0l 4.7447
6buv 4.7447
6ht8 6.7212
6hu1 6.7190
6ftn 6.7001
6chm 3.7011
6bqk 9.0000
6bg5 6.0000
6q6y 6.0000
6h9b 5.6990
6ge0 8.6778
6bt0 5.6778
6es0 5.6459
5y93 5.6440
6ds0 8.6576
6fqu 5.6576
5of0 8.6345
5zwi 8.6383
6hd4 8.6383
6fdc 5.6383
6g4n 5.6383
6g1u 5.6108
5vio 8.6198
6bic 5.6198
6c7e 8.5498
6dlj 5.5528
6bid 5.5376
6ew7 5.5376
6ezg 7.6904
5yov 7.6799
6fyi 6.6990
6fdu 3.6904
6gmd 3.6882
5xpl 7.6990
5nat 4.6990
5o48 4.6990
6f8r 4.6990
5zh3 4.6716
5y5t 6.6757
6fzu 3.6655
5wvd 7.6778
6g9a 7.6778
6bmv 4.6778
6e2m 5.6576
6c5q 6.6576
6htt 6.6576
5o1s 3.6478
6g28 3.6421
5qik 7.6576
5w8h 4.6308
6fob 7.6289
6dxx 6.6383
6ccs 3.6383
5xpm 7.6383
6cjy 7.6383
6f8w 4.6383
5o9h 6.6180
6fgl 4.6198
5oae 4.6002
6ary 7.6003
5yql 4.5867
6gx3 3.6021
6dud 6.5918
6hjk 7.6021
5wfd 4.5817
6ela 7.5850
6bky 6.5686
6ccl 3.5638
5xst 7.5686
6g07 4.5686
5wg6 4.5436
5nt0 6.5528
6mrg 7.5528
6esm 5.5287
5nwh 7.5376
6cyd 8.6990
6g9n 8.5229
5yzc 5.5229
6exm 5.5229
6hm6 5.5003
6ewe 5.5086
5x33 8.4949
6cen 5.4949
6b41 8.4815
5ohi 8.4685
5o4s 5.4685
5xag 5.4559
6dcy 5.4559
6b31 8.4437
6cjh 5.4202
6aah 8.4089
6eji 3.5186
6ccn 4.5229
6fu5 7.5003
6alc 7.5086
6c0r 7.5086
6g91 5.4949
6ehh 7.4949
6ek3 6.4815
6gh9 4.4815
6d8e 6.4685
5ye7 5.4646
5ye9 6.4498
5nve 7.4559
6cq0 4.4559
5wi0 3.4437
6ekd 6.4401
5xpp 7.4437
6duh 7.4202
6ce8 3.4089
6dvm 8.5229
6fyk 8.5229
5yun 5.5229
6g9h 8.3979
6g8m 5.3788
6g9j 8.3872
6g97 8.3768
6c0n 8.3665
6g9d 8.3665
6chq 5.3565
6cd4 5.3382
6bke 8.3468
6cqf 8.3468
5zh5 5.3335
6aam 8.3188
6enm 8.3188
5nsx 6.3979
6g9k 7.3979
6bkx 6.3872
6bl2 7.3872
5xig 6.3768
6dgt 7.3768
6c0t 7.3655
6fer 4.3556
6gxw 3.3565
6gih 4.3565
6da4 6.3410
6ck3 7.3468
6cec 4.3468
6arv 7.3372
6bq0 7.3372
6db4 7.3098
5x28 8.3979
6aaj 8.3010
6cn6 8.3010
5yji 5.3010
6ei4 5.2798
6g0w 5.2840
6cj1 5.2660
6anl 8.2676
6dug 8.2676
6f6r 8.2518
6ccm 5.2518
5zms 5.2291
6hdn 4.3000
6hu3 6.2976
5xij 7.3010
6ey7 4.3010
6ekn 6.2924
5w6o 6.2840
6e06 4.2644
6e05 4.2644
6db3 7.2518
6cki 7.2441
6cq5 4.2441
6g1v 7.2277
5w5k 8.3010
5x26 8.3010
5yea 8.3010
5ztn 8.3010
6bkw 8.3010
6cmj 8.3010
6en4 8.3010
5xfj 8.2218
6c42 8.2125
6asu 5.2147
5xff 8.2076
5mxr 5.2076
6f8b 5.2076
5nuu 8.2007
6q74 8.2007
6bik 8.1938
6cj5 5.1938
6dnp 5.1805
5owt 8.1739
6hf5 5.1739
5ow8 5.1612
6b30 7.2218
6dvo 7.2218
6bmr 4.2218
6gxa 4.2218
6euz 4.1831
5nvc 6.1871
5wh5 7.1871
6cee 4.1871
5nwg 6.1805
5yjo 7.1739
6ay5 7.1612
6ax4 8.2218
6f4n 5.2218
6fzx 8.1549
6fod 8.1481
6g1w 8.1439
5zh4 5.1397
6mvx 5.1427
6duf 8.1367
6gz9 2.1308
6b33 8.1249
5wkm 5.1249
6bh8 5.1192
6g9m 8.1024
6mu1 8.1024
5nwc 6.1549
5nqr 7.1549
5xih 7.1549
6afr 7.1549
6fgy 7.1549
6mx3 5.1367
5xii 7.1249
6hth 7.1249
6g92 4.1192
5vm6 7.1079
6hm7 7.1002
6f6d 4.1002
6b5j 7.1024
6dcg 8.1549
6fyl 8.1549
6f8t 5.1549
6e0q 8.0969
6ety 8.0506
6bo6 7.0969
6emh 6.0794
5xpo 7.0757
6ffi 8.0969
5w6e 8.0410
5xyy 5.0352
6ay3 8.0223
6i3s 7.0458
6ezh 7.0391
5yqn 4.0283
6hsk 7.0315
6ex0 4.0269
6hti 7.0132
5wf7 4.0066
6axq 4.0044
6fs0 9.7696
5mpk 8.5229
6ma3 8.3010
6ma5 8.0969
6ma1 8.0969
6d56 8.0458
6eq8 8.0000
6cks 7.8239
5nlk 7.4559
6eol 7.4318
6fa3 7.4202
6fyz 7.4089
6d55 7.3565
6ma4 7.3468
6fa4 7.2924
5ygd 7.2676
6ckr 7.3010
6bh1 7.2218
6epz 7.1427
6chp 10.1249
6ht1 7.1135
5mpn 7.0706
6as8 7.0506
5ypo 7.0969
6b2c 7.0269
5unp 10.0177
6fs1 7.0088
5yj8 3.9830
6afl 7.0000
6b1c 6.9547
5ymx 6.9208
6d5h 6.9208
5ywx 9.8539
6h7o 9.8539
6d5e 6.8539
6bgy 6.8239
6ajj 6.7959
6cve 6.7959
5vk0 9.7447
6bgv 6.7447
6ghh 6.7144
5ya5 6.7212
6fo5 6.7212
6msy 7.0000
6mub 7.0000
6eq7 7.0000
6b1k 6.6716
6bgw 6.6778
6fa2 6.6576
6bh0 6.6576
6cqz 9.6383
6cqt 9.6383
6fsy 6.6073
5y97 3.6021
5z7j 6.6021
6bh5 6.6021
6d5g 6.6021
6dq8 6.5850
6df1 6.5575
6gfs 6.5361
6f5u 3.5376
6ajh 6.5376
6nao 6.6990
5xhz 6.4949
5yyf 6.4815
6epy 6.4597
5w4e 6.4572
5v37 9.4685
5y21 6.4685
5uc4 6.4559
6f7t 9.4437
6ar2 6.4056
5zia 6.5229
6fbv 6.5229
6gf9 6.3862
6bgz 6.3872
5xjm 9.3665
6ghp 9.3565
5ucj 6.3565
5xo7 6.3565
6d5j 6.3372
6bgx 6.3279
6bny 6.3979
6coj 6.3979
6gvz 6.3979
5yf1 3.2840
6afj 6.2840
6bgu 6.2757
5oxl 3.2518
6czi 6.2518
6er3 3.2441
6drx 9.2366
6ce2 6.3010
5vyy 6.2076
5ygf 6.2076
6mwe 9.2007
6afi 6.2007
6f6i 3.1871
6c91 6.1871
6cv8 3.1675
6gjn 6.2218
6afh 6.1249
6e5x 6.1249
6fmj 6.1192
6dkb 9.1549
6mu3 6.1549
6eq3 6.1549
6cdm 9.0942
6ckw 9.0809
6ge7 6.0620
5y6k 6.0655
5nwz 9.0969
5w5v 6.0969
5muc 6.0395
6afc 6.0315
6f6n 3.0223
5oht 6.0177
5uch 6.0132
5xwr 5.9830
6cdo 8.9747
6f09 5.9706
6epa 5.9469
5ovc 5.9586
5umx 5.9586
6b5i 5.9586
6ey9 5.9066
5ugm 5.8996
6f7c 5.8996
5yvx 5.8894
6fv4 2.9208
6gw4 5.9208
6f6s 2.8861
6fmc 5.8794
6fmf 5.8794
5wmt 5.8601
5zk8 8.8861
6f7b 8.8861
6mnf 5.8861
5vb9 5.8861
5z68 5.8861
6eq2 5.8861
6bm5 5.8447
6cw4 2.8239
6ey8 5.8097
5owf 5.7986
6mj7 2.8239
6ftp 5.8239
6ced 5.8239
6cms 5.8239
5vm0 8.7959
6eog 5.7959
5y80 8.7905
6cdp 8.7852
6ajg 5.7825
6b5r 8.7721
5un1 5.7959
6czf 5.7959
6dxl 5.7959
6er4 2.7696
5za2 5.7696
5zk3 8.7447
5mwh 5.7447
5om7 5.7447
6avi 5.7122
6b1h 8.7212
6b1f 8.7212
5mtw 5.7212
6cdg 5.7212
6eyt 5.7212
5o3r 4.9957
6gnw 4.9914
6aoy 4.9747
6arm 4.9747
6drt 4.9706
6f4x 4.9706
5oxn 1.9606
6ftz 3.0000
6ct7 7.0000
5qap 4.0000
5qam 4.0000
6cvd 4.0000
6bnk 6.9914
6bef 3.9830
5os8 3.9788
6fx1 3.9788
5umy 6.9666
5yvt 3.9626
6evq 2.0000
5o22 8.0000
6fkq 8.0000
5zw6 8.0000
5yft 5.0000
5xiw 4.9574
5nap 7.9539
5yz2 4.9469
6b5a 7.9431
5yc2 4.9431
6hmg 4.9393
6hai 7.9355
5yqx 6.9586
6bnl 6.9586
5qa7 3.9586
5qan 3.9586
6fgf 3.9586
5o1c 3.9469
5o1g 3.9355
6g9i 3.9281
6chn 7.9586
5nn0 10.9586
5yc4 4.9172
5nkn 9.9208
5qaa 3.9101
6min 3.9066
6glb 6.8894
6gfx 7.9208
5otr 4.9208
5ytu 4.9208
6dq4 4.9208
5o9o 4.8861
6clv 4.8761
6e4u 7.8665
6afg 4.8633
6gy5 4.8633
5yfs 4.8601
6cfd 7.8570
5xgl 6.8807
5nwe 4.8794
5z99 6.8761
6el5 6.8761
6gl9 6.8697
6gji 3.8697
5ylj 3.8560
6gjl 3.8570
6fnf 7.8861
5oha 4.8861
6am8 4.8861
5z7b 4.8861
5yc3 4.8477
6eqa 4.8477
5qat 3.8539
5y6f 6.8508
6fnj 6.8477
5mo2 3.8447
5mnn 3.8447
5mno 3.8447
6csr 6.8416
5qah 3.8416
6f5w 3.8268
5o1h 4.8539
6h2t 4.8182
5y7z 7.8125
6bcy 4.8097
5qai 3.8239
6gu7 5.8069
5qb0 3.7986
6aox 4.8239
6eq6 4.8239
6g36 7.7878
5zuj 4.7825
6bd1 4.7825
6czc 4.7825
6fbw 4.7825
5yba 4.7744
5o0j 4.7734
6gu2 5.7959
5qax 3.7959
5mos 3.7878
5y94 6.7852
6g0v 3.7799
5yh8 6.7752
5n7b 3.7747
6cnk 7.7696
6g35 7.7570
5qa8 3.7696
5qar 3.7696
5qa4 3.7696
5qad 3.7696
6fuh 3.7696
5qa6 3.7570
6faa 6.7471
6fa5 6.7471
6fac 6.7471
5o5a 4.7696
5orj 4.7696
5vkf 4.7696
6bj3 4.7696
6fgg 4.7696
5nyh 7.7282
5zop 4.7258
5wew 6.7447
5xsu 6.7447
6i8y 6.7447
6gjr 3.7352
5yhl 7.7447
5ov8 4.7447
6dub 4.7447
6eq5 4.7447
6fse 4.7447
6cd8 4.7122
5nne 4.7100
6evn 4.7055
6fba 4.7011
5qas 3.7212
5wa5 6.7167
5odx 6.7100
5z89 6.7100
6bvb 6.7077
6e4w 6.7038
6e49 4.7212
6bed 4.7212
5olk 6.0000
6bdy 5.6904
6mim 5.6990
6hm4 5.6737
6aqf 8.6696
6e59 8.6676
6gon 5.6655
6goo 5.6655
6h96 8.6778
5o3q 5.6778
6b5t 8.6556
5zoo 5.6517
6fi4 5.6576
6fhu 2.6383
6dki 8.6383
6gl8 8.6073
5zvw 8.6198
6bh2 5.6198
6c99 5.6198
6eq4 5.6198
6cdc 5.6021
5oua 5.5735
6egw 5.5735
6dkg 8.5850
5vzu 5.5686
6chh 5.5686
6faw 5.5686
6f4w 5.5302
6e2o 8.5376
6boe 5.5376
5xsr 7.6925
5znp 4.6861
5moq 4.6840
5mng 4.6840
5mnh 4.6840
5mo0 4.6840
6bm6 4.6819
6d28 6.6990
5qag 3.6990
6gjj 3.6990
5yhe 6.6919
6b3v 9.6925
5os7 3.6882
5o55 4.6990
5o1b 4.6990
5qb1 4.6990
6fut 4.6990
5zt1 4.6731
5znr 4.6716
6fmk 4.6655
6cfc 3.6778
6bbx 6.6676
6hke 7.6778
6dk1 7.6478
6g6y 6.6576
6g6z 6.6576
5qak 3.6576
6guf 6.6498
6cwn 6.6459
5qab 3.6459
5ndb 4.6576
5o1d 4.6576
6bee 4.6576
5qa9 3.6383
5ork 3.6308
6elp 6.6271
6g38 6.6212
6gub 7.6383
5uxn 4.6383
6g0q 4.6091
6eq1 4.6091
5qae 3.6198
5qao 3.6198
6gfy 6.6126
5oqu 3.6126
5o87 6.6108
6beb 3.6091
6f1j 4.6198
5qac 3.6021
6ahi 3.5986
6css 7.6021
6guc 7.6021
5n1p 4.6021
6egs 3.5850
6gjm 3.5751
6guh 7.5850
6fnq 4.5850
5ost 4.5638
5oaj 6.5607
5yyb 6.5575
6co4 7.5686
5oax 7.5686
5wj6 7.5686
6gla 7.5686
5oss 4.5482
6gnp 4.5465
6hsh 7.5467
5z95 6.5467
6miq 4.5528
6evp 4.5346
6aji 4.5302
5o0e 4.5287
6em7 4.5287
6ema 4.5287
6eru 4.5287
6esa 4.5287
5nau 7.5249
5qaq 3.5376
6cwi 7.5376
6cwh 7.5376
6cwf 7.5376
6ggv 7.5376
6e83 4.5376
6f9g 5.6990
6hd6 5.6990
6fi5 5.5229
5oa6 5.5086
6hpg 5.4989
6gr7 5.4962
5zu0 5.5086
5zzw 5.5086
6g14 5.4868
5xvw 5.4828
6afa 5.4949
6af9 5.4949
6grp 5.4763
6fe1 8.4815
6fhq 2.4685
6h7n 8.4559
6ekq 5.4559
5owa 5.4559
6gnr 5.4425
5uxm 5.4437
6fau 5.4437
5vl2 8.4237
6a6w 5.4318
6afd 5.4318
5xs8 5.4134
5mqx 5.4089
5yv5 5.4089
6aff 5.4089
5y20 4.5171
5qa5 3.5229
6gfz 5.5114
5o1f 4.5229
5o1a 4.5229
5vh0 4.5229
6ami 4.5229
6fhk 7.5065
5yl2 4.4991
5qaf 3.5058
6gbe 3.4976
5yqw 7.5086
6bau 4.5086
6g86 4.4921
5ybi 3.4915
5vqe 1.4949
5nud 7.4949
6fe0 6.4815
5qaj 3.4815
6eya 7.4815
6h7b 7.4815
5o1e 4.4815
5ovv 4.4815
5yto 4.4815
6hoy 4.4815
5ogb 7.4685
6ccu 4.4535
6q3q 4.4535
5qal 3.4559
5msb 7.4559
6fui 4.4559
6hqy 6.4353
6mdq 3.4353
6h8s 4.4237
5w8j 6.4318
5yy4 6.4318
6g9u 6.4318
5osl 3.4260
6ei5 7.4168
6cd9 4.4168
5yij 3.4191
6hk6 6.4056
6csp 8.5229
6f08 5.3915
5o9r 5.3883
5ody 8.3979
6c3u 5.3979
6ma2 5.3872
6eyb 5.3747
5uci 5.3696
6g3a 8.3768
6baw 5.3768
6g15 5.3655
5ol3 5.3645
6erv 5.3645
6erw 5.3645
6cer 5.3575
6ap6 5.3665
6afe 5.3565
6an1 5.3468
5o9y 5.3372
6b5o 8.3316
5y24 8.3372
6g39 8.3372
6ap7 5.3372
6fav 5.3279
6g0z 5.3152
6h1u 5.3188
5oah 8.3098
6ezi 5.3098
5qaz 3.3979
5qaw 3.3979
6b1x 7.3979
6b1y 7.3979
5nze 6.3872
6csq 6.3872
5orh 4.3872
6g37 7.3696
6b22 7.3768
6b1w 7.3665
6b1j 7.3665
6gu3 5.3565
5wep 6.3565
6e4a 7.3565
6h77 7.3344
6h78 7.3344
5w2s 7.3325
6mv3 3.3279
6hly 7.3279
6hlz 7.3279
6hm2 7.3279
5ods 4.3279
6exj 4.3279
6czb 4.3279
6dlx 3.3188
5wij 6.3116
6f20 4.3054
5qb3 4.3098
6gue 8.3979
5o1i 5.3979
6bj2 5.3979
6gmq 2.3010
5vnb 5.3010
5yls 5.2899
5tkk 8.2765
5xpi 5.2840
6gzh 8.2676
6gzm 8.2596
6bcr 5.2596
6fdp 5.2596
6bw5 8.2518
6cpw 8.2518
6et8 8.2518
6b5q 8.2441
6g34 8.2441
5o5m 5.2321
5ot3 5.2321
6ert 5.2321
6bhv 5.2314
6cf6 5.2366
5zla 4.3002
5zku 4.2967
6fdt 4.2967
6fug 4.3010
6fuj 4.3010
6elo 6.2890
5nz4 6.2840
6gnm 4.2627
6f1n 6.2620
6bod 4.2596
6mxe 4.2596
6df2 7.2426
6fjm 6.2396
5xmx 7.2441
6fsd 4.2441
6g9b 3.2351
5umw 4.2255
5qay 3.2291
5ywy 7.2291
5v3h 8.3010
6atv 8.2218
5wmg 8.2147
6d6u 8.2147
6d6t 8.2147
6g85 5.2147
5o9q 5.2076
5zo8 8.2007
5zo9 8.2007
6d1x 5.2007
5zkc 8.1938
5yc8 8.1938
6dq5 5.1938
5otz 5.1871
6arn 5.1871
6g47 2.1805
6gmx 2.1739
5oxk 2.1662
6mjf 5.1624
6ghj 2.1618
6fjf 8.1675
5ohy 5.1675
6evo 5.1675
5niy 4.2218
5wik 6.2076
6fu4 6.1945
6f8g 4.1838
5yyz 4.1791
5wou 6.1778
6hlx 7.1739
6htg 7.1739
6f55 4.1637
6c28 4.1675
6ckc 8.2218
6fni 8.2218
5y2f 5.1549
5tkj 8.1457
6fap 2.1487
6fi1 2.1487
5mwz 5.1487
6aro 5.1487
6gw1 5.1427
5xbt 5.1367
6gzl 5.1367
6cnj 8.1135
6gwr 8.1024
6cc9 3.1549
6ccx 3.1549
5qav 4.1549
5qb2 4.1549
5qau 4.1549
6h0b 4.1549
6g98 6.1487
6guk 6.1457
6cct 4.1397
6fng 7.1367
5obg 7.1302
5o8t 7.1302
6cvv 4.1249
6h7f 6.1175
5vrl 7.1135
5om3 4.1013
6c4u 6.0980
5o9p 5.0937
6ap8 5.0969
6e86 5.0862
6dik 5.0721
6dq6 5.0706
5ok6 5.0526
6e4t 8.0477
6b67 5.0506
6hpw 6.0931
5w7x 4.0969
6hrq 7.0878
5var 4.0878
5y8y 7.0862
6beh 4.0862
6agg 4.0706
5om2 4.0620
6ce6 5.0969
5xhs 5.0453
5oci 8.0458
6chl 8.0458
5yy9 8.0410
5ovp 5.0410
6fby 5.0315
6emu 5.0269
6fmi 5.0269
6fii 8.0223
5oa2 5.0088
6gzd 8.0088
6i8b 8.0044
6eln 6.0458
6h41 7.0458
6cze 4.0315
6fns 4.0315
5win 7.0269
5w4s 4.0269
5yhg 6.0212
6bgg 4.0223
6fam 4.0101
6bec 4.0088
6bxy 8.0458
6bmi 5.0458
6d50 5.0458
6exi 5.0458
6e9a 11.9208
6cdj 11.6990
5xvg 8.0458
6cdl 10.9208
6h5x 10.8239
6h5w 10.7959
6dif 10.7212
5web 8.0000
6gbx 7.6990
5w92 7.6990
6cn5 7.6990
6dj1 10.5086
5xva 7.2924
5wb3 7.2218
5ykp 7.0458
6bbs 9.8861
6czd 3.8539
6bqh 9.7959
6drz 9.7959
6g4z 9.7696
5yr5 6.7447
6dge 6.7212
5y0g 6.6990
6ebe 6.6990
6eda 6.6990
6dar 6.6596
5y0f 6.6778
6b8y 9.6576
5vja 6.5850
6ecz 6.5686
6aqq 6.5528
6bu3 6.5528
5wdw 6.5376
6eeh 6.5376
6e7j 9.4815
5w44 6.4437
6bc9 9.4318
6dry 9.4318
6eeo 6.4318
5wfm 6.5229
5wap 6.5229
5n9n 9.3872
5wa6 6.3565
6h36 9.3468
5n9k 9.3372
5yr4 6.3372
6got 9.3979
5wdc 6.3979
5wa7 6.3979
6f92 6.3979
6cbh 6.2924
6g3o 9.2366
6hh3 6.2366
5y12 6.2291
6h2z 9.3010
6h34 9.3010
6c8x 12.3010
5w73 6.3010
5ou3 6.2147
5laq 9.2007
6eea 6.2007
6ays 9.1871
6apw 6.1739
6h33 9.2218
6eiz 6.2218
5xvf 6.1487
6b4d 6.1079
6bvh 9.1549
6c7q 9.1549
5kw2 9.0915
5ou1 6.0655
5wfw 6.0969
6c4d 9.0400
6b7h 9.0329
6h7l 8.9706
6hgz 5.9666
6f7q 8.9626
6f90 6.0000
5mgi 5.9469
5y13 5.9355
6bqg 8.9318
5od1 5.9586
6bt6 5.9101
5owh 5.9208
5owl 5.9208
5z1c 2.8601
5nps 5.8861
5yic 5.8861
6dpx 5.8861
6ayt 8.8539
5wf3 5.8539
6g4y 8.8239
5oyd 2.7496
5nw7 5.7696
6gdg 8.7447
6dj7 8.7212
5nxp 7.9914
6f9r 4.9747
6dhc 7.9626
5l8c 7.0000
5mwy 7.0000
6eif 6.9830
5zag 6.9666
6en6 7.9412
6cbg 3.9469
6dh6 9.9311
6ej3 5.9285
6iiu 7.9586
5npr 4.9031
6dh2 10.8928
6mvu 2.8894
5ny6 7.8697
6f9t 7.8601
6dh7 9.8817
5za7 5.8677
5oh3 3.8665
6ee3 6.8633
5oh9 3.8633
5va9 7.8447
5wf6 7.8327
6iiv 6.8539
6dh8 9.8351
6h7m 7.8013
5ylv 6.8239
5wlt 6.8083
5zae 6.8069
6ej4 6.8013
5n9l 7.8239
5uzj 6.7825
5zaf 6.7799
6eij 5.7747
6euc 3.7747
6ewk 3.7747
6ej2 7.7959
6f9v 6.7647
5nxx 4.7696
5uzk 6.7447
5za9 6.7375
6g46 3.7328
6m9t 7.7011
6ee2 6.7100
5g5v 6.7011
5zkb 8.6990
6f28 5.6676
6hx5 5.6576
5ll7 5.6144
5ylu 8.6198
6h7j 8.6198
6h29 5.6198
6h37 8.5850
5wg9 5.5850
6fnr 5.5850
5nxg 8.5528
6eip 5.6957
6ee4 6.6946
6gg4 3.6882
5wxo 3.6840
6ee6 6.6655
5nxi 6.6627
6bw2 7.6778
6cvx 7.6778
6fnt 4.6778
5wf5 7.6498
6eqw 10.6498
5nzn 3.6576
6cjv 5.6576
6gg5 3.6536
5yum 3.6517
6fmp 5.6449
6djc 6.6330
6eqv 6.6234
6fcl 4.6383
5wgp 5.6198
6dh0 10.5918
6eis 6.5986
6fag 6.5933
6ea1 6.5901
6dpz 3.5867
6arj 7.6021
6dh1 10.5834
6f3b 6.5634
6edr 4.5452
6eee 7.5391
6ea2 6.5452
6aqs 7.5528
5oh4 4.5528
5yjb 7.5376
6mi6 4.5376
5wlv 8.5229
5yia 5.5229
6f29 5.4881
5v6y 8.4698
5yib 5.4815
5nxv 8.4559
6d1u 5.4401
6buu 5.4437
6cvy 8.4089
6flg 7.5214
6faf 6.5141
5mwp 7.5003
6fky 6.4949
6d9x 3.4908
6dne 7.4776
6eqx 10.4724
5ny3 7.4698
5wxf 4.4815
6c5f 4.4815
6c7w 5.4672
6f05 4.4685
6ceh 7.4377
6exs 3.4413
5ny1 6.4357
6eiq 6.4168
5l8y 6.4001
5oh1 4.4089
6c1s 8.5229
5yid 5.3979
6ayr 8.3872
6cb5 5.3665
5yr6 5.3401
6das 8.3063
5nxo 8.3098
5nya 6.3813
6m8y 6.3820
5zaj 7.3768
6eab 6.3655
5oh7 4.3665
5wxp 3.3536
6m9d 7.3468
6ex1 7.3063
6ayo 8.2924
5yie 5.2518
6isd 8.2373
5za8 6.2941
6dm8 7.2840
5zah 7.2757
6hh5 4.2660
6m9c 7.2518
5nxw 7.2411
6eir 6.2403
5oh2 4.2441
5v3r 5.3010
6d2o 5.3010
5oje 5.2147
6d1m 8.2007
6ayq 8.1871
6hwz 5.1739
5z5f 2.1675
6cbf 5.1675
6m8w 6.2218
5ou2 3.2154
5tig 4.2218
6c3e 7.2000
6c7x 7.1858
5wa1 4.1739
5wdl 6.1656
6m9f 8.2218
6cvw 8.1487
6b95 5.1487
6dak 5.1421
6dj5 8.1427
6f9u 5.1308
6d1l 8.1192
6dj2 8.1192
6dil 8.1192
5y0x 5.1107
6h38 8.1079
6dpt 7.1135
6b59 8.0862
6evr 8.0555
6dpy 4.0969
6eed 6.0904
6eaa 6.0872
6dai 4.0696
5zc5 7.0555
6c0s 7.0506
6fkz 6.0458
6g3v 6.0351
5nzf 4.0269
6b2q 8.0458
5nxy 5.0458
6nze 8.8861
6nzh 8.7959
6nzm 9.0000
6ocz 8.5229
6rfj 8.3979
6gva 8.2218
6ocw 8.1549
6ode 8.0969
6mjw 7.9914
6mck 7.9208
6qmr 7.9208
6r0k 7.9208
6s90 7.8861
6plg 7.8239
6oir 7.7696
6sfj 7.7447
6g9s 8.0000
6oqn 8.0000
6rmf 8.0000
6uwv 8.0000
6k1s 7.6990
6nzg 7.6990
6h4z 7.6383
6ncj 7.6198
6sfi 7.5850
6mju 7.5607
6uwp 7.5528
6mdc 7.4437
6rfi 7.4318
6h4s 7.4202
6ul8 7.5229
6n0q 7.3979
6o6f 7.3979
6hkn 7.2924
6mhd 7.2924
6mt0 10.3010
6hro 7.3010
6qeg 7.3010
6mdb 7.1739
6h52 7.1675
6akw 7.2218
6qef 7.2218
6sfk 7.1487
6qed 7.1308
6h4y 7.1135
6hgx 7.1135
6r8r 7.0706
6qfe 7.0969
6k9u 10.0458
6h4r 7.0315
6st3 7.0269
6oim 7.0458
6h4t 7.0000
6pgp 6.9957
6h4p 6.9914
6h4w 6.9706
6o8i 10.0000
6q96 10.0000
6tel 9.9586
6qmt 6.9208
6h4o 6.8928
6d4t 6.9208
6oip 6.9208
6r8q 6.9208
6h4x 6.8827
6h51 6.8729
6hcw 6.8861
6rrm 6.8447
6p3p 6.8386
6q7w 6.8539
6h50 6.8069
6npv 6.7959
6qm7 6.7959
6ten 9.7696
6h0u 6.7696
6mhb 6.7696
6md7 6.7423
6oko 6.7447
6rj2 7.0000
6t6a 6.6990
6mo2 6.6778
6k4x 6.6576
6p14 6.6576
6rtn 6.6308
6d4v 6.6383
6ind 6.6198
6imt 6.6021
6sal 6.5784
6duk 9.5850
6hkm 6.5686
6ink 6.5686
6oiq 6.5686
6te6 6.5686
6mo1 6.5376
6oio 6.5376
6nzp 9.6990
6p5v 6.6990
6hx1 6.5186
6j6m 9.5229
6ilz 6.4685
6mhc 6.4318
6mo5 9.5229
6nzq 9.5229
6o6g 6.5229
6ovc 6.5229
6rj5 6.5229
6rni 9.3979
6suo 9.3979
6npu 6.3979
6bqd 6.3872
6ohd 9.3768
6iji 9.3565
6ilq 6.3565
6aa4 6.3279
6eb2 6.3188
6pz4 9.3979
6oa3 6.3979
6rj3 6.3979
6fe5 9.3010
6npe 6.3010
6qhb 6.3010
6inm 6.2924
6qs5 6.2441
6g9f 6.2291
6mo0 6.2291
6nzr 9.3010
6h4v 6.2125
6p8y 6.1952
5z1t 6.2007
6imo 6.1871
5y7k 9.1765
6s88 6.1739
6moo 9.1675
6h4u 6.1593
5z1s 6.1612
6gcx 9.2218
6i3u 9.2218
6mod 9.1487
5zhm 6.1367
6dhu 3.1308
6die 3.1308
6sq0 9.1024
6ffe 6.1024
5zxi 9.1549
6n6o 9.1549
6aej 6.1549
6d4q 6.0809
6i0x 6.0655
6gj7 6.0605
6npp 6.0506
6fzm 6.0376
6nzf 9.0362
6k4t 6.0223
6n19 3.0177
6qxd 6.0177
6uvy 6.0044
6d4s 6.0458
6o9x 6.0458
6p11 6.0458
6n17 2.9957
6fv1 5.9666
6oin 6.0000
6p12 5.9547
6rjp 8.9586
6d4r 5.9586
6htc 5.9586
6m88 5.9586
6c67 5.9208
6qfh 5.8601
6hx8 5.8861
6q5b 5.8861
6jjm 2.8539
6i1r 5.8386
6nss 8.8539
5zee 2.8041
6rne 8.8013
6mny 8.8239
6ahs 5.8239
6szj 5.8239
6j5l 8.7959
6jib 5.7959
5znl 8.7696
6jse 8.7696
6qxa 5.7696
6n3n 8.7447
6d4u 5.7033
5z1r 5.7011
6dih 2.7212
5zqr 7.9747
6itj 7.9666
6jwa 4.9626
6njj 5.9923
6nji 6.9914
6oyh 6.9830
6htd 8.0000
6ib2 8.0000
6pyu 8.0000
6udx 8.0000
5zgg 5.0000
6g8l 5.0000
6qh9 5.0000
6nvh 7.9547
6nvl 7.9547
6msn 4.9469
6kzc 7.9408
6ijl 7.9318
6e6w 9.9586
6npm 3.9586
6f1w 7.9586
6htr 7.9586
6nel 7.9586
6pf5 4.9586
6uhv 6.9208
6e4c 9.9208
6g3c 6.9101
6q6m 6.8928
6nem 7.9208
6q9u 5.8861
6ckl 3.8861
6n5f 6.8576
6hmp 6.8601
6k0j 7.8861
6i0k 4.8861
6i0c 6.8539
5ovf 6.8539
6m95 6.8539
6mo8 5.8447
6q9q 6.8386
6hmr 6.8327
6qg7 6.8268
6f7i 7.8539
6q39 7.8539
6qad 7.8539
6m8e 4.8539
6qri 4.8179
6i8z 7.8013
6pya 6.8239
6mo9 5.8119
6irt 3.8094
6skd 5.8000
6dtn 6.8013
6rn6 6.8013
6hcu 7.8239
6iby 7.8239
6ic6 7.8239
6jz0 7.8239
6iuo 7.7878
6c9n 4.7825
6htp 6.7959
6pi1 3.7959
6ega 6.7823
6ohu 6.7825
6s9d 7.7959
6pf4 4.7959
6g8j 4.7645
6e3z 7.7595
5zef 1.7471
6qmd 3.7696
6e6v 7.7696
6q9s 7.7696
6s7s 4.7696
5zqp 7.7375
5y7h 7.7282
6uim 6.7447
6oyz 6.7328
6nrf 7.7447
6nwc 7.7447
6q8p 7.7447
6pf6 4.7447
6pk7 4.7167
5zqo 7.7122
6skb 7.7011
6c9r 6.7066
6f96 7.7212
6qhr 7.7212
6g8q 4.7212
6o1g 9.0000
6ow7 9.0000
6pyr 9.0000
6hrw 6.0000
6qff 5.6904
6h4q 5.6861
6edl 8.6990
6jut 8.6778
6dha 5.6778
6e5b 8.6576
6m8c 5.6576
6s7z 5.6576
6hop 5.6234
6e3m 8.6383
6gcw 8.6383
6c9p 5.6383
6m89 5.6383
6ufn 5.6383
6n3o 8.6198
6r7d 8.6198
6ebw 8.6021
6qcj 5.6021
6jmf 8.5850
6nvi 8.5850
6hys 5.5850
6q7v 5.5850
6p8x 5.5560
6peb 8.5686
6hgv 5.5528
6hvw 5.5528
6kzd 8.5302
6kdz 8.5376
6rz6 8.5376
6pgo 4.6968
6im6 4.6840
6njh 3.6925
6jsz 5.6799
6e0r 7.6990
6r5f 7.6990
6m7h 4.6990
6etg 4.6615
5zqq 7.6596
6s9b 5.6778
6prt 2.6737
6hvv 6.6676
5zcu 5.6655
5ovi 7.6778
5qj2 7.6778
6msc 7.6778
6q7h 7.6778
6gjd 7.6576
6ic0 7.6576
6ibz 7.6576
6qaa 7.6576
6iup 7.6364
6nyw 6.6383
6qw9 6.6383
5qj3 7.6198
6f26 7.6198
6ps9 4.6198
6iar 7.6003
6oa1 4.5901
6n3z 6.5862
6imi 4.5834
6hvu 6.5850
6qwa 6.5850
6s9c 6.5735
6huc 7.5850
6nd3 4.5850
6hmb 6.5638
6hv0 6.5591
6n3l 7.5686
6nri 7.5686
6udy 7.5686
5ovh 6.5528
6knh 3.5528
5z5v 6.5421
6ke0 7.5528
6pf3 4.5528
6hwu 7.5361
6q8k 6.5376
6kdx 6.5317
6m9l 7.5376
6mhm 7.5376
6n3k 7.5376
6q6o 7.5376
6ibx 8.6990
6p1l 8.6990
6npi 5.6990
6qfg 5.5214
6qae 8.5229
6rpg 8.5229
5zma 5.5229
6hs0 5.5003
6izq 5.4962
6dji 2.5086
6hs4 5.5086
6jsf 8.4815
6q9o 8.4685
6ak4 5.4559
6oag 5.4318
6jsn 8.4202
6mso 5.4202
6mum 8.4089
6mzw 8.4089
6mzq 8.4089
6q9l 8.4089
6nkp 6.5229
6hv5 6.4881
6hvr 6.4815
6r8p 4.4815
6gcl 4.4660
6ufo 4.4559
6g8k 4.4510
6phz 3.4559
6oht 6.4547
6n5h 6.4462
6a6k 7.4559
6huu 7.4559
6k1q 7.4559
6qft 7.4559
6nrj 7.4437
6q9y 5.4318
6uii 6.4318
6n5c 6.4260
6f86 7.4318
6s9x 6.4191
6r7j 7.4001
6pht 3.4089
6p1d 7.4089
6hgy 8.5229
6ny4 8.5229
6ow2 8.5229
6pl3 8.5229
6rj6 8.5229
6fne 5.5229
6s43 5.3979
6e5g 5.3665
6imr 5.3665
6tld 5.3526
6fu1 5.3565
6m8b 5.3565
6dtx 8.3468
6eb1 5.3325
6jsg 8.3372
6mo4 8.3372
6gcr 8.3279
6oe3 8.3188
6hot 4.3969
5ovg 6.3979
6qw8 6.3979
6uhu 3.3979
6ib0 7.3979
6i0p 4.3979
6nk0 6.3872
6pic 3.3872
6keb 4.3872
6pyb 5.3768
6pdj 7.3768
6nsp 7.3556
6q37 6.3565
6j10 6.3516
6e3g 7.3565
6qme 4.3565
6mep 7.3468
6i0r 4.3468
6qw7 6.3279
6oco 6.3242
6mdd 4.3279
6agt 8.3979
6n9p 8.3979
6oyw 8.3979
6qha 5.3002
6jt3 8.3010
6p5w 5.2924
6a84 8.2757
6nvj 8.2757
6dtw 8.2596
6hzu 8.2596
6m8a 5.2596
6hp9 8.2518
6d4w 5.2518
6oyt 8.2291
6fff 7.3002
6r7k 7.3002
6rn7 7.3002
6hy2 7.3010
5y7j 7.2865
6hva 6.2798
6aa5 7.2840
6oz6 7.2840
6hv2 4.2840
6hou 4.2725
6nrh 7.2596
6kla 7.2518
6nrg 7.2518
6s7k 4.2441
6imb 4.2328
6imd 4.2328
6q9w 6.2366
6hvs 5.2291
6hv4 6.2291
5z1e 8.3010
5z1d 8.3010
6hcv 8.3010
6q7a 8.3010
6rna 8.3010
6p10 5.2218
6od6 8.2104
6jpj 8.2076
6qab 8.2076
6qac 8.2076
6mul 8.2007
6rln 8.2007
6rn9 8.2007
6qhc 5.2007
6uvv 5.1778
6hbn 6.2168
6d5w 4.2007
6ffg 7.2000
6qho 6.2000
6s55 6.2000
6oi9 7.1938
6hor 4.1838
6hv7 5.1871
6eg9 7.1746
6npt 7.1656
6ijh 7.1675
6hzv 8.2218
6ic5 8.2218
6qxu 8.1549
6dim 2.1427
6djd 2.1427
6m8d 5.1427
6q9h 8.1079
6hrx 5.1024
6pys 7.1549
6huq 7.1427
6uf0 7.1367
6ic7 7.1079
6jjn 4.1079
6skc 7.1002
6psb 4.1024
6a1c 8.1549
6mob 8.1549
6c9q 5.0969
6n4t 8.0915
6jid 5.0809
6fym 5.0680
6s8a 8.0706
6nvg 8.0706
6s89 8.0655
6qg4 8.0655
6a3n 8.0605
6uil 7.0969
6djj 4.0969
6sze 4.0969
6hwv 7.0799
6moa 7.0809
6msa 7.0757
6f8j 7.0655
6r49 2.0969
6e6j 8.0969
6gjb 8.0969
6hub 8.0969
6nsq 8.0969
6i0b 8.0410
6n4e 8.0044
6qwb 6.0410
6mo7 5.0280
5zr3 7.0088
6f94 7.0044
6n5g 7.0044
6i5i 8.0458
6ocu 8.0458
6qgj 9.0000
6mqe 11.2924
6r8o 8.2218
6h4d 7.9586
6i8m 7.7959
6qyn 7.6198
6qz8 7.6198
6dyv 10.5850
6dyy 10.5528
6h76 7.5229
6qyo 7.5229
6maj 7.4685
6qmk 7.4559
6dyw 10.4437
6qmj 7.3565
6dyu 10.2596
6jb0 7.2366
6slg 10.3010
5zyj 7.2147
6u5y 7.1612
6qyp 7.1549
6nfh 7.1549
6rr0 7.1549
6qsz 7.1549
5zyi 7.0655
5zyl 7.0555
6p83 7.0969
6qfq 7.0969
6nfi 7.0458
6pi5 6.9586
6pii 6.9586
6u8l 6.9136
6qr0 6.9208
6fzf 6.8239
6efk 6.7959
6fvl 6.7959
6np2 6.7959
5zyk 6.7447
6ai9 6.7447
6qqz 6.7447
5zhl 6.7212
6kdi 6.7212
6e23 10.0000
6iph 6.6576
6idg 6.6576
6fvm 6.6021
6i17 6.6021
6mqm 9.5702
6u8o 6.5391
6fzg 6.5528
6oja 9.6990
6n9l 6.6990
6phr 6.6990
6qgk 6.6990
6idz 6.5086
6if0 6.5086
6qz6 6.4949
6qz7 6.4949
6np3 6.4685
6ntj 6.4685
6qzb 6.4685
6g2r 9.4559
6qi7 6.4559
6qr3 6.4437
6fzp 6.4202
6pfj 6.4089
6mom 9.5229
6n7d 9.5229
6iez 6.5229
6pek 6.5229
6r4s 6.3872
6c8c 6.3768
6u8b 6.3655
6pxc 6.3665
6sy7 3.3279
6fzj 6.3279
6r7r 6.3279
6idb 6.3979
6u5m 6.2916
6j81 6.2924
6op9 9.2840
5zys 6.2676
6p3w 6.2596
6o3x 6.2518
6qr4 6.2291
6nad 9.3010
6dyz 9.2007
6r8l 6.1739
6mkq 6.1637
6md4 6.1612
6hgi 6.2218
6aec 6.1487
6j72 6.1308
6ak5 6.1249
6hq7 6.1141
6hq3 6.1107
6a87 3.1549
6oie 6.1549
6p7p 6.1549
6dsp 6.0915
6qyl 6.0809
6qz5 6.0809
6htn 6.0655
6mlo 6.0969
6n3f 6.0969
6hm1 6.0410
6dz0 9.0269
6r8i 6.0269
6jbb 5.9872
6jb4 5.9830
6mle 9.0000
6qgf 6.0000
6uyx 6.0000
6mbo 5.9469
6mbp 5.9469
6pka 5.9245
6r9x 2.9586
6d9s 5.9586
6o7g 5.9586
6os6 5.9586
6a80 5.8996
6md0 5.8962
6mh1 5.9208
6n48 5.9208
6r8w 5.9208
6iyv 5.8794
6gj8 5.8665
6e22 8.8861
6dz3 8.8861
6n0p 8.8861
6k4r 5.8386
6dz2 8.8539
6e1a 8.8539
6h8c 5.8539
6i5j 5.8539
6i5n 5.8539
6n3w 5.8069
6bs3 5.8239
6i14 5.8239
6n0m 5.8239
6rml 5.8239
6jan 5.7932
6aad 2.7905
6ipj 5.7905
6rqk 2.7959
5zhn 8.7959
6stl 8.7959
6inz 5.7959
6mnc 5.7959
6aan 2.7545
6i8t 5.7545
6aeh 5.7520
5zdb 5.7496
5zdd 5.7496
5zde 5.7496
5zdc 5.7496
5zym 5.7696
6gge 5.7696
6a9c 2.7447
6d78 8.7447
6mh7 5.7447
6ncp 5.7447
6ipi 5.7100
5zdf 5.7033
6hol 5.7212
6uyy 5.7212
5zhj 4.9957
6o68 4.9872
6p85 4.9872
6jof 4.9830
6haj 4.9747
6kjf 4.9666
6haz 7.0000
6ql3 7.0000
6qrd 7.0000
6j3p 6.9788
6rih 3.9788
6ha4 3.9706
6iqg 8.0000
6qrg 5.0000
6pia 4.9586
5zbz 4.9547
6abk 1.9469
6j0o 4.9245
6jaq 3.9538
6fmn 5.9508
6d49 3.9281
6d4a 3.9281
6gjw 4.9586
6i77 4.9586
6pg5 4.9586
6nv7 7.9172
6cf7 7.9136
6dgr 4.9101
6i4x 4.9031
6a05 4.8928
6a30 4.8894
6e7u 6.9172
6cjj 3.9031
6e7t 6.8894
6me1 7.9208
6pg9 4.9208
6qqv 4.9208
6un1 7.8861
6jon 4.8794
6mjq 7.8761
6g6x 4.8761
6n55 7.8729
6n53 7.8729
6max 4.8665
6op0 7.8601
6jao 4.8601
6tyz 6.8827
6mt6 3.8761
6klk 3.8755
6dql 7.8861
6i68 4.8861
6jdl 4.8861
6qrc 4.8861
6mja 7.8508
6gga 4.8477
6mjj 7.8447
6jfk 4.8416
6pg8 3.8539
6e7r 6.8327
6qk8 4.8539
6qre 4.8539
6hah 4.8125
6p84 4.8069
6nsv 7.8013
6mt4 3.8225
6q4q 6.8239
6e1z 3.8239
6ipl 3.8153
6cd5 6.8069
6pyd 6.8069
6i62 6.8027
6nlj 4.8239
6qlr 4.8239
6jap 4.7953
6kmj 4.7878
6qxj 4.7852
6g2b 3.7959
6e3s 6.7773
6g7a 6.7773
6nfz 7.7959
6nfy 7.7959
6qts 4.7959
6t1l 4.7670
6om2 7.7520
6n54 7.7496
6g24 2.7696
6g2o 6.7696
6e7x 6.7570
6ql2 7.7696
6mkw 4.7696
6qas 7.7423
6t1j 4.7423
6miy 7.7328
6n3e 4.7235
6i66 6.7387
6iou 3.7347
6i78 4.7447
6seo 4.7447
6mj4 7.7190
6ueg 4.7100
6jbe 4.7033
6qr9 6.7212
6qtq 3.7212
6frj 3.7144
5zk7 6.7095
6poh 2.7055
6prg 3.7022
6qqw 4.7212
6quv 3.0000
6r0x 8.6990
6bs5 5.6990
6n8x 5.6990
6qge 5.6778
6iiw 5.6576
6n87 5.6576
6pi6 5.6576
6jjz 8.6383
6j0g 5.6383
6j0k 5.6383
6ets 5.6383
6n3v 5.6108
6j3o 5.6198
6cse 5.6021
6h1d 5.6021
6agk 5.5751
6ggd 5.5850
6t1o 5.5850
6ak6 5.5591
6ikm 8.5686
6nfo 5.5686
5zyh 5.5686
6i12 5.5686
6hk4 8.5513
6fvo 5.5467
6bs4 5.5528
6sen 5.5528
6mg5 4.6925
6itq 4.6882
6n93 4.6861
6rmm 4.6861
6ocq 6.6990
6mlp 3.6990
6pg6 3.6990
6i67 6.6959
5z66 6.6861
6ipm 3.6861
6g6t 7.6990
6nfn 7.6990
6gj6 4.6990
6iae 4.6990
6p86 4.6990
6p8z 4.6990
6i96 6.6778
6dyr 3.6603
6cq1 3.6596
6ift 4.6778
6nw3 7.6556
6pl1 7.6536
6hq4 4.6498
6itp 4.6498
6h9v 0.6576
6nk1 6.6576
6e7m 6.6556
6v5l 3.6494
6nsx 6.6402
6e1y 7.6576
6g2c 4.6576
6ooy 4.6576
6pg7 4.6576
6qln 4.6576
6jno 6.6326
6mmq 3.6234
6i75 4.6383
6qlu 4.6383
6qtr 4.6383
6qto 4.6383
6e91 6.6198
6pge 3.6198
6nj0 6.6126
6mmc 3.6126
6g5l 7.6198
6iso 4.6003
6p87 4.5952
6p8a 3.5935
6j06 6.5918
6q36 7.6021
6pgb 4.6021
6qe0 4.6021
6pg4 3.5850
6poq 2.5686
6np5 4.5686
6nti 4.5686
6o9c 7.5452
6pga 4.5391
6pid 4.5376
6mm5 4.5361
6i11 4.5331
6i10 4.5302
5znc 7.5243
6mln 7.5376
5zjf 4.5376
6o5g 5.6990
6ia7 5.6990
6dgl 5.5157
6dgq 5.5100
6qtw 5.5229
6a5e 5.4935
6c3n 2.4949
6qr2 5.4949
6dgo 5.4737
6fgc 5.4815
6a06 8.4685
6gfm 5.4685
6i74 5.4685
6om4 5.4461
6dzx 5.4559
6gdy 5.4559
6t1n 5.4559
6n3y 5.4377
6csf 5.4437
6r1b 5.4437
5zdg 5.4248
6mli 2.4318
6d8v 5.4202
6hgg 5.4202
6ott 5.4202
6mm2 5.4067
6aaq 2.4089
6qzr 7.5229
6p88 4.5200
6sge 7.5114
6g25 3.5229
6e7w 6.5157
6q9t 7.5229
6nco 4.5229
6qdx 4.5229
6nu1 4.5058
6hk3 7.5031
6jag 4.5017
6nyv 6.5058
6qlq 4.5086
6mt5 4.4908
6qau 7.4828
6fpu 6.4935
6poi 3.4868
6dn5 7.4949
6hhp 7.4949
6dyo 4.4949
6ql1 6.4815
6e7v 6.4802
6qrf 4.4815
6pvz 3.4672
6pyc 7.4461
6q4e 3.4559
6e92 7.4559
6dkp 7.4389
6e5s 6.4353
6c3l 4.4437
6np4 4.4437
6c5h 6.4318
6m8q 6.4318
6rtw 6.4318
6u80 4.4318
6o3y 4.4157
6j1l 6.4202
6py0 6.4134
6qaf 7.4202
6i65 6.4085
6g5u 6.4034
6qtx 4.4089
6qzh 8.5229
6g2s 8.3969
6ggb 5.3872
6ggf 5.3872
6aee 5.3686
6hzx 8.3768
6olx 5.3768
6n8y 5.3768
5zk5 8.3665
6n0j 5.3665
6os5 5.3565
6p7q 5.3565
6pgc 5.3468
6qls 5.3468
6u6w 5.3270
6qmu 5.3188
6fvn 5.3019
6qav 8.3098
5zni 4.3947
6dzv 6.3979
6im4 7.3979
6s07 7.3979
6u9v 7.3979
6hgj 4.3809
5zjz 7.3716
6q38 6.3768
6h4a 7.3768
6h75 4.3768
6mla 4.3768
6o5u 4.3768
6k2n 1.3625
6qi4 4.3665
6gj5 3.3565
6q6f 3.3508
6mmo 3.3497
6q3z 7.3565
5zk9 7.3449
6hk7 7.3382
5ove 6.3468
6hkx 9.3407
6hky 9.3407
6ajz 4.3372
6qat 7.3251
6gy0 7.3197
6phx 3.3200
6g29 4.3279
6jad 4.3161
6ajr 4.3143
6i64 7.3125
6pg3 3.3188
6oh3 3.3170
6i5p 4.3188
6ior 4.3054
6nzk 4.3036
6sdd 8.3979
6qqu 5.3010
6d08 5.2924
6mqc 8.2823
6d07 5.2840
6qlp 5.2840
6sfc 5.2840
6ajy 5.2757
6qtm 5.2541
6t1i 5.2596
6a03 5.2464
6a9o 5.2441
6gxg 5.2441
6gxy 5.2441
6iot 5.2441
6pu3 5.2328
6jam 5.2255
6e4v 6.2941
6q4g 4.3010
6mji 7.2882
6ghv 4.2840
6k5r 4.2716
6hp5 7.2692
6hks 4.2757
6q3y 7.2676
6mlj 7.2596
6i7a 4.2596
6dys 4.2487
6i61 6.2449
6hmy 7.2388
6qc0 7.2441
6k5t 4.2351
6iyw 7.2306
6nng 4.2262
6qqt 4.2291
6eeb 5.3010
6ml9 5.3010
6ms1 5.2218
6a04 5.2090
6t1m 5.2147
5zyg 5.2076
6iht 5.2076
6oh2 5.2007
6j63 8.1918
6nv9 8.1938
5zjy 8.1805
6i97 8.1805
6o2p 8.1805
6g8i 5.1733
6ipk 5.1739
6qqq 5.1739
6peg 5.1637
6g2f 5.1675
6k3l 7.2211
6e8x 6.2182
6mtu 5.2159
6i41 4.2147
6cn8 7.1979
6dyn 3.1946
6pvy 3.1945
6sde 10.2007
6v1c 4.1871
6dy7 4.1791
6e7s 7.1785
5zdp 7.1764
6cyg 4.1707
6p9e 7.1701
6c5j 7.1643
6c5k 7.1643
6dya 6.1669
6det 8.2218
6nu5 5.1524
6ntb 5.1506
5zqu 5.1549
6n7q 5.1549
6r9s 2.1487
6miv 8.1487
6j9w 5.1273
6r9u 2.1249
6qe5 5.1249
6o3w 5.1163
6i13 5.1192
6aao 2.1079
5zml 8.1079
6jdi 5.1079
6hoi 5.0996
6cyh 3.1500
6mku 7.1549
6qr7 7.1549
6n9t 4.1549
6fcj 7.1481
6qra 6.1487
6qcg 5.1427
6g27 3.1361
6qhg 3.1325
6st0 5.1271
6rhe 4.1308
6mtv 5.1127
6nfg 4.1079
6gxq 7.1002
6ios 4.1002
6q92 6.0985
6dn6 8.1549
5oai 5.1549
6n3x 5.0921
6j9y 5.0685
6nnr 5.0706
6i76 5.0706
6qr1 5.0706
6n0k 5.0655
6pl2 8.0585
6kqi 8.0605
6qlo 5.0555
6agp 5.0506
6kjd 5.0506
6pml 3.0862
6fh3 3.0706
6i18 4.0706
6nm4 7.0605
6ftf 8.0969
6m87 8.0969
6md6 5.0969
6s57 5.0969
6s56 5.0969
6ajv 5.0410
6ajx 5.0410
6cyi 5.0410
6j7e 5.0362
6hbm 5.0177
6hgf 5.0177
6p89 5.0101
6g2e 5.0132
6ncn 3.0458
6joe 7.0410
6qpl 7.0410
6hmt 7.0362
6i0z 4.0362
6qlt 4.0362
6hni 4.0269
6i63 7.0061
6njz 5.0088
6hay 7.0088
6hhr 7.0088
6rk4 4.0088
6afk 6.0004
6ooz 8.0458
6da1 5.0458
6dat 5.0458
6mlg 5.0458
6oxq 11.3010
6ng0 8.1938
6qgh 8.1549
6oxp 11.0000
6o0k 10.7447
5zg1 7.7212
6oxv 10.6990
6oxw 10.5528
6ne5 10.5229
6no9 10.5229
6oxr 10.3188
6p3t 7.3188
6oqc 10.3979
6d3x 10.2924
6udv 10.2924
6hlb 10.2692
6oy1 10.2441
6oqb 10.3010
5zg3 7.2147
6ud2 10.2076
6nzt 10.2007
6ndl 7.1871
6nzv 10.1739
6pvx 7.1675
5zty 10.1249
6jn6 7.1549
5zg0 7.0862
6oxu 10.0223
6p3u 7.0223
6p3v 7.0177
6n4b 10.0088
6oxx 10.0088
6oxs 9.9626
6udi 10.0000
6oxt 9.9547
6ps0 9.9431
6o0p 9.9586
6me4 9.9208
6oy2 9.8729
6ps4 9.8861
6d40 9.8539
6q89 9.8539
6oqd 9.8539
6ps3 9.7799
6sbt 6.7799
6ixd 9.7959
6h9x 9.7447
6i9a 10.0000
6udt 10.0000
6ps1 9.6968
6ps6 9.6968
6cjs 9.6990
6oxz 9.6655
6n78 9.6778
6n79 9.6778
6jij 6.6383
6saf 6.6383
6oxy 9.5482
6cjr 9.5229
6o5t 6.5003
6ftw 6.4949
6q54 6.4949
6pt3 9.4089
6jki 6.3872
6hoq 6.3872
6me3 9.3768
6iql 9.3665
6me2 9.3665
6o0m 9.3372
6pvw 6.3188
6hle 9.3089
6ibl 9.3098
6hza 9.2976
6oy0 9.2976
6n77 9.2441
6orr 9.3010
6udu 9.3010
6qgg 6.3010
6hld 9.2090
6pgx 9.2076
6ggg 9.2007
6n7c 9.1739
6hzd 9.1675
6n7b 9.2218
6j8r 6.1192
6gg8 9.1024
6odz 9.1549
6c2r 9.0969
6hzb 8.9788
6fz4 5.9508
6hzc 8.9318
6pit 5.9245
6d3z 8.9208
6oe0 8.9208
6peu 5.8861
6s1s 5.8386
6npf 5.8539
6pvv 5.8539
6nt2 8.8239
6me5 8.7773
6jav 5.7645
6mq3 8.7696
6eds 8.7696
6o94 8.7447
6q60 5.7055
6jay 5.7011
6hhj 7.9706
6n92 4.9666
6hr2 7.0000
6u26 6.9706
6oac 7.9547
6s4t 7.9508
6rvl 5.9401
6ibs 4.9586
6r0v 4.9586
6c9v 6.9201
6g9x 3.9208
6hzy 3.9172
6c85 3.8996
6hp0 4.9208
6r11 4.9208
6r18 4.9208
6r1c 4.9208
6i5g 4.8851
6h14 7.8633
6rw1 5.8844
6gf3 4.8447
6iam 6.8539
6ovz 3.8539
6hb5 5.8286
6hb7 6.8268
6myn 7.8539
6ox0 4.8539
6a8n 7.8153
6u7o 10.8097
6gvi 6.8239
6q35 4.8239
6s4n 6.7905
6s4u 7.7595
6hhg 7.7570
6hgs 3.7696
6e6m 5.7480
5qqo 7.7696
6szp 4.7447
6ugz 7.7190
6n94 4.7033
6d1h 3.7208
6mnp 3.7100
6rfn 6.7001
6gev 8.6990
6nmb 2.6968
6jn4 5.6946
6d3y 8.6990
6jaw 5.6615
6u7p 11.6778
6prf 8.6021
6mxc 5.5638
6hy7 5.5686
6j8q 5.5686
6o50 8.5528
6ouv 5.5528
6qyk 5.5528
6i5y 8.5376
6h12 7.6819
6q8c 7.6819
6nwk 7.6990
6d3g 4.6990
6r13 4.6990
6plf 6.6696
6nyh 7.6778
6dd1 4.6517
6o5x 7.6576
6mll 3.6216
5yy6 7.6169
6qs1 5.6144
6a8g 6.6091
6g02 7.6198
6gvx 7.6198
6ugo 7.5884
6mia 2.5952
6hax 7.5850
6mxb 4.5850
6k05 6.5607
6ugq 7.5498
6p5o 4.5436
6e5t 6.5452
6gvf 7.5528
6jio 4.5528
6q8b 7.5302
6o9d 8.6990
6s0e 5.4989
6oe1 8.5086
6h7d 5.4949
6dd0 5.4815
6o21 8.4584
5qtt 8.4685
6o4w 8.4685
6gbw 8.4547
6ps5 8.4330
6tl2 5.4437
6n96 5.4202
6otg 7.5031
6rfw 6.5003
6d15 4.4828
6dl2 7.4815
6hgr 3.4559
6gxb 7.4559
6o0o 7.4437
6ppy 4.4437
6jax 4.4153
6m7i 3.4134
6g01 7.4089
6dzy 5.5229
6q30 5.5229
5qtu 8.3872
6byz 8.3665
6n7a 8.3665
5ywg 8.3410
6pno 5.3188
6a94 7.3979
6o4x 7.3979
6md8 2.3768
6mnv 3.3686
6gwe 7.3768
6hb6 7.3625
6rvk 6.3575
6nwl 7.3665
6pve 7.3665
6r1a 4.3468
6s5k 7.3197
6efj 3.3215
6mey 3.3197
6rot 6.3155
6c9s 7.3188
6r1d 5.3979
6r1w 5.3010
6o95 8.2924
5qqp 8.2757
6o8u 8.2757
6q2y 5.2596
6mxd 5.2343
6ibv 5.2291
6ibk 3.2933
6o57 6.2890
6o5a 6.2890
6qwi 4.2924
6ugr 6.2728
6mlf 4.2757
6d1j 4.2503
6mdu 4.2518
6h13 7.2321
6s9w 7.2291
6pvu 5.2076
6pnm 5.1739
6jn3 5.1643
6hhi 8.1675
6pvs 8.1675
6a93 8.1612
6om8 5.1612
6pnn 5.1612
6gg3 4.2076
6e5l 7.1759
6hhh 7.1733
6ugp 6.1640
6jn5 5.1500
6o0h 8.1549
6abx 2.1433
6n97 5.1487
6n95 5.1249
6cjp 8.1135
6pm9 8.1024
6h3q 7.1355
6rvf 6.1367
6qxs 7.1308
6o48 7.1249
6ugn 6.1172
6do1 8.0799
6jtc 5.0731
6r4k 5.0706
6d1i 4.0915
6uh0 6.0690
6r1k 5.0458
6k04 8.0410
6q8a 8.0088
6ic2 6.0374
6gvh 6.0362
6gvg 6.0044
